Title,Company,Location,Link
Business Data Analyst,"V-Soft Consulting Group, Inc.","Richmond, VA",https://www.linkedin.com/jobs/view/business-data-analyst-at-v-soft-consulting-group-inc-4139907050?position=1&pageNum=0&refId=Ll%2BGbeWbCE6vnW15SXC0Cg%3D%3D&trackingId=7IHiqzcjFP1XZgUA2MZiRQ%3D%3D
Data Analyst,STAND 8 Technology Consulting,"Long Beach, CA",https://www.linkedin.com/jobs/view/data-analyst-at-stand-8-technology-consulting-4183870994?position=2&pageNum=0&refId=Ll%2BGbeWbCE6vnW15SXC0Cg%3D%3D&trackingId=7Z8QwnTrwYV9t57l8WHjqQ%3D%3D
Business Data Analyst - POSSIBLE SHORT TERM,"V-Soft Consulting Group, Inc.","Richmond, VA",https://www.linkedin.com/jobs/view/business-data-analyst-possible-short-term-at-v-soft-consulting-group-inc-4170318296?position=3&pageNum=0&refId=Ll%2BGbeWbCE6vnW15SXC0Cg%3D%3D&trackingId=1ln0VS8%2BEtpUF6MngoN6Zg%3D%3D
Sr. Reporting Analyst,Firstsource,United States,https://www.linkedin.com/jobs/view/sr-reporting-analyst-at-firstsource-4182647856?position=4&pageNum=0&refId=Ll%2BGbeWbCE6vnW15SXC0Cg%3D%3D&trackingId=1Z%2F69G1kDsqvC5mg6oH1uA%3D%3D
Data Analyst,Radiant System,"Northeast Saint Louis, MN",https://www.linkedin.com/jobs/view/data-analyst-at-radiant-system-4174856799?position=5&pageNum=0&refId=Ll%2BGbeWbCE6vnW15SXC0Cg%3D%3D&trackingId=ip1FZ6T%2FESGVeUTxSyl6bg%3D%3D
Data Analyst,Radiant,"St. Louis County, MN",https://www.linkedin.com/jobs/view/data-analyst-at-radiant-4177905370?position=6&pageNum=0&refId=Ll%2BGbeWbCE6vnW15SXC0Cg%3D%3D&trackingId=47NvsHOAsH8wZAjdRNXHiw%3D%3D
Senior Data Analyst,R Systems,"Las Vegas, NV",https://www.linkedin.com/jobs/view/senior-data-analyst-at-r-systems-4159662520?position=7&pageNum=0&refId=Ll%2BGbeWbCE6vnW15SXC0Cg%3D%3D&trackingId=p0cDYUBK3dwBsUjXnq0PfA%3D%3D
Data Analytics Intern,Four Hands,"Austin, TX",https://www.linkedin.com/jobs/view/data-analytics-intern-at-four-hands-4139380722?position=8&pageNum=0&refId=Ll%2BGbeWbCE6vnW15SXC0Cg%3D%3D&trackingId=hCyLVjl5u7rFw7Rw2PiHWQ%3D%3D
Data Governance Analyst,"V-Soft Consulting Group, Inc.","Atlanta, GA",https://www.linkedin.com/jobs/view/data-governance-analyst-at-v-soft-consulting-group-inc-4119109565?position=9&pageNum=0&refId=Ll%2BGbeWbCE6vnW15SXC0Cg%3D%3D&trackingId=cDYnfJCsjLAzOV3hLyHxLw%3D%3D
Data Analyst (Contract),Macmillan,"New York, NY",https://www.linkedin.com/jobs/view/data-analyst-contract-at-macmillan-4165791385?position=10&pageNum=0&refId=Ll%2BGbeWbCE6vnW15SXC0Cg%3D%3D&trackingId=SM603ax8uppnvSpPrMAbLA%3D%3D
Power BI/SQL Developer,"V-Soft Consulting Group, Inc.","Richmond, VA",https://www.linkedin.com/jobs/view/power-bi-sql-developer-at-v-soft-consulting-group-inc-4158877783?position=11&pageNum=0&refId=Ll%2BGbeWbCE6vnW15SXC0Cg%3D%3D&trackingId=2OkdSPRVta30hiis9H2v2w%3D%3D
Business Intelligence Platform Administrator,STAND 8 Technology Consulting,"New York, NY",https://www.linkedin.com/jobs/view/business-intelligence-platform-administrator-at-stand-8-technology-consulting-4178486146?position=12&pageNum=0&refId=Ll%2BGbeWbCE6vnW15SXC0Cg%3D%3D&trackingId=wSfAMetmtusImSx%2F%2BPvlHw%3D%3D
Sr. BI Developer,BETSOL,"Denver, CO",https://www.linkedin.com/jobs/view/sr-bi-developer-at-betsol-4180022484?position=13&pageNum=0&refId=Ll%2BGbeWbCE6vnW15SXC0Cg%3D%3D&trackingId=q09rc3%2FnwEZMEpg%2B3E278g%3D%3D
Business Intelligence Marketing Analyst,Simon & Schuster Children's Publishing,"Albany, New York Metropolitan Area",https://www.linkedin.com/jobs/view/business-intelligence-marketing-analyst-at-simon-schuster-children-s-publishing-4124969857?position=14&pageNum=0&refId=Ll%2BGbeWbCE6vnW15SXC0Cg%3D%3D&trackingId=rG2Tw8e0fDa9AaBQB4wjsw%3D%3D
HRIS Data Analyst,LRQA,"Elkhart County, IN",https://www.linkedin.com/jobs/view/hris-data-analyst-at-lrqa-4178433787?position=15&pageNum=0&refId=Ll%2BGbeWbCE6vnW15SXC0Cg%3D%3D&trackingId=5b3mMWa5cqfD0iBdFFsqGg%3D%3D
"Data Analyst, HR Operations",Simon & Schuster Children's Publishing,"Albany, New York Metropolitan Area",https://www.linkedin.com/jobs/view/data-analyst-hr-operations-at-simon-schuster-children-s-publishing-4121106134?position=16&pageNum=0&refId=Ll%2BGbeWbCE6vnW15SXC0Cg%3D%3D&trackingId=4lIT5QTgQ7ETrfiTj%2BMazA%3D%3D
Business Systems Analyst - Xactly,HubSpot,United States,https://www.linkedin.com/jobs/view/business-systems-analyst-xactly-at-hubspot-4156720506?position=17&pageNum=0&refId=Ll%2BGbeWbCE6vnW15SXC0Cg%3D%3D&trackingId=NdQXQQ1J5TjKtO1yDU7I%2Bg%3D%3D
Power BI/Data Analyst,Jobs via Dice,"Houston, TX",https://www.linkedin.com/jobs/view/power-bi-data-analyst-at-jobs-via-dice-4183065940?position=18&pageNum=0&refId=Ll%2BGbeWbCE6vnW15SXC0Cg%3D%3D&trackingId=o0gqDw5NKVBttFeyaKgvUQ%3D%3D
Database Engineer - Bellevue,RESULTICKS,"Bellevue, WA",https://www.linkedin.com/jobs/view/database-engineer-bellevue-at-resulticks-4167232908?position=19&pageNum=0&refId=Ll%2BGbeWbCE6vnW15SXC0Cg%3D%3D&trackingId=2Z%2FrW1qFsTxyZjypVyrLEg%3D%3D
Data Analyst II,Verisk,"Denver, CO",https://www.linkedin.com/jobs/view/data-analyst-ii-at-verisk-4116603061?position=20&pageNum=0&refId=Ll%2BGbeWbCE6vnW15SXC0Cg%3D%3D&trackingId=5f7MYVlnlNQE7xuFnfPSiw%3D%3D
SQL Server Developer,Persistent Systems,"New Jersey, United States",https://www.linkedin.com/jobs/view/sql-server-developer-at-persistent-systems-4165498005?position=21&pageNum=0&refId=Ll%2BGbeWbCE6vnW15SXC0Cg%3D%3D&trackingId=adE5eJK3Llfgkd06%2B3mcTA%3D%3D
Data Operations Analyst,Everyday Health,"New York, NY",https://www.linkedin.com/jobs/view/data-operations-analyst-at-everyday-health-4160547137?position=22&pageNum=0&refId=Ll%2BGbeWbCE6vnW15SXC0Cg%3D%3D&trackingId=BxBOxcwo4tEGiGqcY1ZCNQ%3D%3D
"Senior Manager, Data Science - PSM",LinkedIn,"Sunnyvale, CA",https://www.linkedin.com/jobs/view/senior-manager-data-science-psm-at-linkedin-4153093413?position=23&pageNum=0&refId=Ll%2BGbeWbCE6vnW15SXC0Cg%3D%3D&trackingId=eqvGYpS%2FLRNu4d9oa0lgaA%3D%3D
Consultant/ Sr. Consultant- Commercial Analytics,PharmaACE,"New Jersey, United States",https://www.linkedin.com/jobs/view/consultant-sr-consultant-commercial-analytics-at-pharmaace-4173747697?position=24&pageNum=0&refId=Ll%2BGbeWbCE6vnW15SXC0Cg%3D%3D&trackingId=kam14IGhrwF7CVV5ckUzhg%3D%3D
Data Integration Analyst I,Vertafore,"Denver, CO",https://www.linkedin.com/jobs/view/data-integration-analyst-i-at-vertafore-4161141451?position=25&pageNum=0&refId=Ll%2BGbeWbCE6vnW15SXC0Cg%3D%3D&trackingId=fZf5%2BOkcq4sid0YQWmmoTA%3D%3D
"Staff Data Analyst, Customer Success Strategy & Ops",The Hustle,"Cambridge, MA",https://www.linkedin.com/jobs/view/staff-data-analyst-customer-success-strategy-ops-at-the-hustle-4172518190?position=26&pageNum=0&refId=Ll%2BGbeWbCE6vnW15SXC0Cg%3D%3D&trackingId=j2yCVag%2BjZl7zzFkLdae5Q%3D%3D
Senior Data Analyst,Timewise Food Stores,"Houston, TX",https://www.linkedin.com/jobs/view/senior-data-analyst-at-timewise-food-stores-4181857330?position=27&pageNum=0&refId=Ll%2BGbeWbCE6vnW15SXC0Cg%3D%3D&trackingId=zb5i1Vkk3BVE2WtiPADhDQ%3D%3D
Senior Data Analyst,eClerx,"Austin, TX",https://www.linkedin.com/jobs/view/senior-data-analyst-at-eclerx-4143849595?position=28&pageNum=0&refId=Ll%2BGbeWbCE6vnW15SXC0Cg%3D%3D&trackingId=dYpRM0A36ii2elJOttnnbQ%3D%3D
Data Acquisition Specialist,Socure,United States,https://www.linkedin.com/jobs/view/data-acquisition-specialist-at-socure-4147649568?position=29&pageNum=0&refId=Ll%2BGbeWbCE6vnW15SXC0Cg%3D%3D&trackingId=3IxecJvkhjvJ7DNp0%2BIqiQ%3D%3D
Data Analyst - Dealer Sales,JCB North America,"Pooler, GA",https://www.linkedin.com/jobs/view/data-analyst-dealer-sales-at-jcb-north-america-4133482266?position=30&pageNum=0&refId=Ll%2BGbeWbCE6vnW15SXC0Cg%3D%3D&trackingId=im%2FiWpo%2F84W0W59rovU5UA%3D%3D
Database Engineer,Persistent Systems,"Ada, MI",https://www.linkedin.com/jobs/view/database-engineer-at-persistent-systems-4159023109?position=31&pageNum=0&refId=Ll%2BGbeWbCE6vnW15SXC0Cg%3D%3D&trackingId=4fNkWAqmmk6eMwaHG1FAPA%3D%3D
Database Engineer,"V-Soft Consulting Group, Inc.","Parsippany, NJ",https://www.linkedin.com/jobs/view/database-engineer-at-v-soft-consulting-group-inc-4144906229?position=32&pageNum=0&refId=Ll%2BGbeWbCE6vnW15SXC0Cg%3D%3D&trackingId=lK2AX5kPfY1O%2FrlYEDEIJQ%3D%3D
Jr BA/Coordinator,STAND 8 Technology Consulting,"New York, NY",https://www.linkedin.com/jobs/view/jr-ba-coordinator-at-stand-8-technology-consulting-4158904451?position=33&pageNum=0&refId=Ll%2BGbeWbCE6vnW15SXC0Cg%3D%3D&trackingId=oeiJAl%2Fm6J8tW%2FImsMDzMw%3D%3D
Sr. Data Warehouse Engineer,BETSOL,"Denver, CO",https://www.linkedin.com/jobs/view/sr-data-warehouse-engineer-at-betsol-4179400985?position=34&pageNum=0&refId=Ll%2BGbeWbCE6vnW15SXC0Cg%3D%3D&trackingId=VjLPQQnipOYTrHdCyepbBA%3D%3D
Business Intelligence Analyst,Verisk,"Lehi, UT",https://www.linkedin.com/jobs/view/business-intelligence-analyst-at-verisk-4161851624?position=35&pageNum=0&refId=Ll%2BGbeWbCE6vnW15SXC0Cg%3D%3D&trackingId=iyH9aan9EefM81uze8XPbQ%3D%3D
Business Intelligence Analyst,Verisk,"Lehi, UT",https://www.linkedin.com/jobs/view/business-intelligence-analyst-at-verisk-4161858036?position=36&pageNum=0&refId=Ll%2BGbeWbCE6vnW15SXC0Cg%3D%3D&trackingId=c%2F9upy%2F5c%2F%2BVwCW3b3vKOw%3D%3D
Data and AI Engineer - Summer 2025 Intern,Sanofi,"Cambridge, MA",https://www.linkedin.com/jobs/view/data-and-ai-engineer-summer-2025-intern-at-sanofi-4176883003?position=37&pageNum=0&refId=Ll%2BGbeWbCE6vnW15SXC0Cg%3D%3D&trackingId=sgToSFVdx2zZtXZJ41rSCg%3D%3D
Data Scientist - Bellevue,RESULTICKS,"Bellevue, WA",https://www.linkedin.com/jobs/view/data-scientist-bellevue-at-resulticks-4167234790?position=38&pageNum=0&refId=Ll%2BGbeWbCE6vnW15SXC0Cg%3D%3D&trackingId=7xrVuRMKA%2BlYUiDU0QB5Ww%3D%3D
"ML Data Associate-II, Artificial General Intelligence",Amazon,"Boston, MA",https://www.linkedin.com/jobs/view/ml-data-associate-ii-artificial-general-intelligence-at-amazon-4128019547?position=39&pageNum=0&refId=Ll%2BGbeWbCE6vnW15SXC0Cg%3D%3D&trackingId=ncXljaHihAici7aDi0Vkgw%3D%3D
"Staff Data Analyst, Customer Success Strategy & Ops",HubSpot,"Cambridge, MA",https://www.linkedin.com/jobs/view/staff-data-analyst-customer-success-strategy-ops-at-hubspot-4172395108?position=40&pageNum=0&refId=Ll%2BGbeWbCE6vnW15SXC0Cg%3D%3D&trackingId=EK%2BcRZB%2B8nDfHCmBoUu5sQ%3D%3D
"ML Data Associate-II, Artificial General Intelligence",Amazon,"Boston, MA",https://www.linkedin.com/jobs/view/ml-data-associate-ii-artificial-general-intelligence-at-amazon-4119711027?position=41&pageNum=0&refId=Ll%2BGbeWbCE6vnW15SXC0Cg%3D%3D&trackingId=9YV1%2FrApguNO3LDSarI7bg%3D%3D
Specialist- Expert,"V-Soft Consulting Group, Inc.","Raleigh, NC",https://www.linkedin.com/jobs/view/specialist-expert-at-v-soft-consulting-group-inc-4181590456?position=42&pageNum=0&refId=Ll%2BGbeWbCE6vnW15SXC0Cg%3D%3D&trackingId=0p8mpH2g9E%2B0QhD2cJepmQ%3D%3D
Advanced Data Engineer 100% Remote,"V-Soft Consulting Group, Inc.","Illinois, United States",https://www.linkedin.com/jobs/view/advanced-data-engineer-100%25-remote-at-v-soft-consulting-group-inc-4181230797?position=43&pageNum=0&refId=Ll%2BGbeWbCE6vnW15SXC0Cg%3D%3D&trackingId=09gYt5L1ejhXziQzaR9ALw%3D%3D
Senior BI Consultant,Quantzig,San Francisco Bay Area,https://www.linkedin.com/jobs/view/senior-bi-consultant-at-quantzig-4087717233?position=44&pageNum=0&refId=Ll%2BGbeWbCE6vnW15SXC0Cg%3D%3D&trackingId=AWe1W7XPlKPRmhS%2FNhN3fw%3D%3D
Senior BI Consultant,Quantzig,Greater Minneapolis-St. Paul Area,https://www.linkedin.com/jobs/view/senior-bi-consultant-at-quantzig-4087718226?position=45&pageNum=0&refId=Ll%2BGbeWbCE6vnW15SXC0Cg%3D%3D&trackingId=v54PYM19DeA20qzLmpIMoA%3D%3D
Enterprise Data Modeler,"V-Soft Consulting Group, Inc.","Richmond, VA",https://www.linkedin.com/jobs/view/enterprise-data-modeler-at-v-soft-consulting-group-inc-4130577828?position=46&pageNum=0&refId=Ll%2BGbeWbCE6vnW15SXC0Cg%3D%3D&trackingId=pj67vaVZBaM43Jd%2FJjjvZw%3D%3D
Fundamental Equities Alternative Data Analyst,The D. E. Shaw Group,"New York, NY",https://www.linkedin.com/jobs/view/fundamental-equities-alternative-data-analyst-at-the-d-e-shaw-group-4084834343?position=47&pageNum=0&refId=Ll%2BGbeWbCE6vnW15SXC0Cg%3D%3D&trackingId=1O47ab5tMAfMyM0s5F012A%3D%3D
"Senior Analyst, Strategic Insights",Chegg Inc.,United States,https://www.linkedin.com/jobs/view/senior-analyst-strategic-insights-at-chegg-inc-4176383606?position=48&pageNum=0&refId=Ll%2BGbeWbCE6vnW15SXC0Cg%3D%3D&trackingId=1M%2FRqTmHly3h%2Buo%2F%2F7mKnQ%3D%3D
Senior BI Consultant,Quantzig,"Austin, TX",https://www.linkedin.com/jobs/view/senior-bi-consultant-at-quantzig-4087713690?position=49&pageNum=0&refId=Ll%2BGbeWbCE6vnW15SXC0Cg%3D%3D&trackingId=ElSrLpelbCzAgaFwvV%2B97w%3D%3D
"Director, Data Analysis",Zelis,"Texas, United States",https://www.linkedin.com/jobs/view/director-data-analysis-at-zelis-4182956874?position=50&pageNum=0&refId=Ll%2BGbeWbCE6vnW15SXC0Cg%3D%3D&trackingId=cuR82tdS81r5kjsAgeu%2BvQ%3D%3D
"Senior Data Analyst | Research Operations | Hybrid or Remote, US",Savanta,United States,https://www.linkedin.com/jobs/view/senior-data-analyst-research-operations-hybrid-or-remote-us-at-savanta-4182114704?position=51&pageNum=0&refId=Ll%2BGbeWbCE6vnW15SXC0Cg%3D%3D&trackingId=EzmHzyhP1nFgXVUrNC1a%2BQ%3D%3D
Data Scientist,MatchPoint,"Sunnyvale, CA",https://www.linkedin.com/jobs/view/data-scientist-at-matchpoint-4178073711?position=52&pageNum=0&refId=Ll%2BGbeWbCE6vnW15SXC0Cg%3D%3D&trackingId=C8neYkq%2BTV4Cfa8Hy%2FiSpw%3D%3D
Associate Developer,CEI,"Pittsburgh, PA",https://www.linkedin.com/jobs/view/associate-developer-at-cei-4179640707?position=53&pageNum=0&refId=Ll%2BGbeWbCE6vnW15SXC0Cg%3D%3D&trackingId=2FhFBDN1mcTsiFNYdNUgRQ%3D%3D
Data Quality Analyst,IntegriChain,Greater Philadelphia,https://www.linkedin.com/jobs/view/data-quality-analyst-at-integrichain-4158902101?position=54&pageNum=0&refId=Ll%2BGbeWbCE6vnW15SXC0Cg%3D%3D&trackingId=5PtWEXnMPU52qW9Rul0%2BTg%3D%3D
"Director, Data Analysis",Zelis,"Hillsborough County, FL",https://www.linkedin.com/jobs/view/director-data-analysis-at-zelis-4182963379?position=55&pageNum=0&refId=Ll%2BGbeWbCE6vnW15SXC0Cg%3D%3D&trackingId=aZgvSf%2Fnaee8A3tt8imAIA%3D%3D
Data Modeler - Data Engineering (Healthcare),Exusia,United States,https://www.linkedin.com/jobs/view/data-modeler-data-engineering-healthcare-at-exusia-4143877822?position=56&pageNum=0&refId=Ll%2BGbeWbCE6vnW15SXC0Cg%3D%3D&trackingId=emZM6F%2Bq3mwCbu9GD1jddg%3D%3D
Data Engineer: Big Data,MNJ SOFTWARE,"Home, KS",https://www.linkedin.com/jobs/view/data-engineer-big-data-at-mnj-software-4148834197?position=57&pageNum=0&refId=Ll%2BGbeWbCE6vnW15SXC0Cg%3D%3D&trackingId=KgL25prAsCuN2qVhS3ECLw%3D%3D
Senior Data Engineer,WaferWire Cloud Technologies,"Redmond, WA",https://www.linkedin.com/jobs/view/senior-data-engineer-at-waferwire-cloud-technologies-4180051317?position=58&pageNum=0&refId=Ll%2BGbeWbCE6vnW15SXC0Cg%3D%3D&trackingId=gEaDvUjXeadRJpHm3owptg%3D%3D
Revenue Operations & Analytics Associate,Instawork,"Chicago, IL",https://www.linkedin.com/jobs/view/revenue-operations-analytics-associate-at-instawork-4127908835?position=59&pageNum=0&refId=Ll%2BGbeWbCE6vnW15SXC0Cg%3D%3D&trackingId=ACVszqBwnh%2FbYsqazNe2tw%3D%3D
Head of Data Sciences & Analysis,Pfizer,"New York, NY",https://www.linkedin.com/jobs/view/head-of-data-sciences-analysis-at-pfizer-4182468111?position=60&pageNum=0&refId=Ll%2BGbeWbCE6vnW15SXC0Cg%3D%3D&trackingId=4Cc%2BIJwm5lT8%2F3g%2FTKitAQ%3D%3D
Business Data Analyst,"V-Soft Consulting Group, Inc.","Richmond, VA",https://www.linkedin.com/jobs/view/business-data-analyst-at-v-soft-consulting-group-inc-4139907050?position=1&pageNum=0&refId=Eh%2B2PKkvHeaU3UlzCJhJ%2FA%3D%3D&trackingId=FDdoeblaC8FM0QFieV5vXw%3D%3D
Data Analyst,STAND 8 Technology Consulting,"Long Beach, CA",https://www.linkedin.com/jobs/view/data-analyst-at-stand-8-technology-consulting-4183870994?position=2&pageNum=0&refId=Eh%2B2PKkvHeaU3UlzCJhJ%2FA%3D%3D&trackingId=fnv3rQPiR92hZReUwuJ1Hg%3D%3D
Business Data Analyst - POSSIBLE SHORT TERM,"V-Soft Consulting Group, Inc.","Richmond, VA",https://www.linkedin.com/jobs/view/business-data-analyst-possible-short-term-at-v-soft-consulting-group-inc-4170318296?position=3&pageNum=0&refId=Eh%2B2PKkvHeaU3UlzCJhJ%2FA%3D%3D&trackingId=iOBWKSRZJWJS6EmPWMvXnQ%3D%3D
Sr. Reporting Analyst,Firstsource,United States,https://www.linkedin.com/jobs/view/sr-reporting-analyst-at-firstsource-4182647856?position=4&pageNum=0&refId=Eh%2B2PKkvHeaU3UlzCJhJ%2FA%3D%3D&trackingId=xZMLyK%2Bh3Z3ZsEYCTXxsrQ%3D%3D
Data Analyst,Radiant System,"Northeast Saint Louis, MN",https://www.linkedin.com/jobs/view/data-analyst-at-radiant-system-4174856799?position=5&pageNum=0&refId=Eh%2B2PKkvHeaU3UlzCJhJ%2FA%3D%3D&trackingId=rbPrC3gfAOqUAWcwc8wIfQ%3D%3D
Data Analyst,Radiant,"St. Louis County, MN",https://www.linkedin.com/jobs/view/data-analyst-at-radiant-4177905370?position=6&pageNum=0&refId=Eh%2B2PKkvHeaU3UlzCJhJ%2FA%3D%3D&trackingId=rDIgBUCj2qqFYkjNQ8BDbg%3D%3D
Senior Data Analyst,R Systems,"Las Vegas, NV",https://www.linkedin.com/jobs/view/senior-data-analyst-at-r-systems-4159662520?position=7&pageNum=0&refId=Eh%2B2PKkvHeaU3UlzCJhJ%2FA%3D%3D&trackingId=6B45gQvVQfN0tOBavwjGWQ%3D%3D
Data Analytics Intern,Four Hands,"Austin, TX",https://www.linkedin.com/jobs/view/data-analytics-intern-at-four-hands-4139380722?position=8&pageNum=0&refId=Eh%2B2PKkvHeaU3UlzCJhJ%2FA%3D%3D&trackingId=5M3E1mAxWM%2FmR31JoyQrEw%3D%3D
Data Governance Analyst,"V-Soft Consulting Group, Inc.","Atlanta, GA",https://www.linkedin.com/jobs/view/data-governance-analyst-at-v-soft-consulting-group-inc-4119109565?position=9&pageNum=0&refId=Eh%2B2PKkvHeaU3UlzCJhJ%2FA%3D%3D&trackingId=3y2efsKrZjGK%2FWQCZIKobw%3D%3D
Data Analyst (Contract),Macmillan,"New York, NY",https://www.linkedin.com/jobs/view/data-analyst-contract-at-macmillan-4165791385?position=10&pageNum=0&refId=Eh%2B2PKkvHeaU3UlzCJhJ%2FA%3D%3D&trackingId=WuGTCFaQ%2FVWq2YtobPVm6w%3D%3D
Power BI/SQL Developer,"V-Soft Consulting Group, Inc.","Richmond, VA",https://www.linkedin.com/jobs/view/power-bi-sql-developer-at-v-soft-consulting-group-inc-4158877783?position=11&pageNum=0&refId=Eh%2B2PKkvHeaU3UlzCJhJ%2FA%3D%3D&trackingId=F98eV0w6jdO9p4cW%2FhriJg%3D%3D
Business Intelligence Platform Administrator,STAND 8 Technology Consulting,"New York, NY",https://www.linkedin.com/jobs/view/business-intelligence-platform-administrator-at-stand-8-technology-consulting-4178486146?position=12&pageNum=0&refId=Eh%2B2PKkvHeaU3UlzCJhJ%2FA%3D%3D&trackingId=9N0xWi4xYxzubHL9AJcfkQ%3D%3D
Sr. BI Developer,BETSOL,"Denver, CO",https://www.linkedin.com/jobs/view/sr-bi-developer-at-betsol-4180022484?position=13&pageNum=0&refId=Eh%2B2PKkvHeaU3UlzCJhJ%2FA%3D%3D&trackingId=dKR1krOBdpElwBEasSJqyQ%3D%3D
Business Systems Analyst - Xactly,HubSpot,United States,https://www.linkedin.com/jobs/view/business-systems-analyst-xactly-at-hubspot-4156720506?position=14&pageNum=0&refId=Eh%2B2PKkvHeaU3UlzCJhJ%2FA%3D%3D&trackingId=MiLTUU6eFVEjyzu0EVfS2w%3D%3D
Business Intelligence Marketing Analyst,Simon & Schuster Children's Publishing,"Albany, New York Metropolitan Area",https://www.linkedin.com/jobs/view/business-intelligence-marketing-analyst-at-simon-schuster-children-s-publishing-4124969857?position=15&pageNum=0&refId=Eh%2B2PKkvHeaU3UlzCJhJ%2FA%3D%3D&trackingId=JGzn6m1j7IyKZ8ZDRk8HWA%3D%3D
HRIS Data Analyst,LRQA,"Elkhart County, IN",https://www.linkedin.com/jobs/view/hris-data-analyst-at-lrqa-4178433787?position=16&pageNum=0&refId=Eh%2B2PKkvHeaU3UlzCJhJ%2FA%3D%3D&trackingId=6tdmiHG1%2BSiSZMrMWZNplw%3D%3D
"Data Analyst, HR Operations",Simon & Schuster Children's Publishing,"Albany, New York Metropolitan Area",https://www.linkedin.com/jobs/view/data-analyst-hr-operations-at-simon-schuster-children-s-publishing-4121106134?position=17&pageNum=0&refId=Eh%2B2PKkvHeaU3UlzCJhJ%2FA%3D%3D&trackingId=eiftliUMd3YwRxQFcLB5xw%3D%3D
Power BI/Data Analyst,Jobs via Dice,"Houston, TX",https://www.linkedin.com/jobs/view/power-bi-data-analyst-at-jobs-via-dice-4183065940?position=18&pageNum=0&refId=Eh%2B2PKkvHeaU3UlzCJhJ%2FA%3D%3D&trackingId=hEFUJDzMIWxWR0ErRM9FWA%3D%3D
Database Engineer - Bellevue,RESULTICKS,"Bellevue, WA",https://www.linkedin.com/jobs/view/database-engineer-bellevue-at-resulticks-4167232908?position=19&pageNum=0&refId=Eh%2B2PKkvHeaU3UlzCJhJ%2FA%3D%3D&trackingId=tJmtR%2BF%2FTx%2FR8%2B2%2B%2FmJ14Q%3D%3D
Data Analyst II,Verisk,"Denver, CO",https://www.linkedin.com/jobs/view/data-analyst-ii-at-verisk-4116603061?position=20&pageNum=0&refId=Eh%2B2PKkvHeaU3UlzCJhJ%2FA%3D%3D&trackingId=5LgA6Q3d0uDqFUZcFkQ7Ug%3D%3D
SQL Server Developer,Persistent Systems,"New Jersey, United States",https://www.linkedin.com/jobs/view/sql-server-developer-at-persistent-systems-4165498005?position=21&pageNum=0&refId=Eh%2B2PKkvHeaU3UlzCJhJ%2FA%3D%3D&trackingId=PCbl5GVrKYr3Ic8%2BQ4iI%2BQ%3D%3D
Data Operations Analyst,Everyday Health,"New York, NY",https://www.linkedin.com/jobs/view/data-operations-analyst-at-everyday-health-4160547137?position=22&pageNum=0&refId=Eh%2B2PKkvHeaU3UlzCJhJ%2FA%3D%3D&trackingId=x6NuWRLmmv9OAQpPJ82UNw%3D%3D
"Senior Manager, Data Science - PSM",LinkedIn,"Sunnyvale, CA",https://www.linkedin.com/jobs/view/senior-manager-data-science-psm-at-linkedin-4153093413?position=23&pageNum=0&refId=Eh%2B2PKkvHeaU3UlzCJhJ%2FA%3D%3D&trackingId=L3kEOeURDhacdHaDKSC7Ng%3D%3D
Consultant/ Sr. Consultant- Commercial Analytics,PharmaACE,"New Jersey, United States",https://www.linkedin.com/jobs/view/consultant-sr-consultant-commercial-analytics-at-pharmaace-4173747697?position=24&pageNum=0&refId=Eh%2B2PKkvHeaU3UlzCJhJ%2FA%3D%3D&trackingId=AwBdtRentJdHju6kITjAMQ%3D%3D
Data Integration Analyst I,Vertafore,"Denver, CO",https://www.linkedin.com/jobs/view/data-integration-analyst-i-at-vertafore-4161141451?position=25&pageNum=0&refId=Eh%2B2PKkvHeaU3UlzCJhJ%2FA%3D%3D&trackingId=RbHtOXEALAwl76fSEobH6w%3D%3D
"Staff Data Analyst, Customer Success Strategy & Ops",The Hustle,"Cambridge, MA",https://www.linkedin.com/jobs/view/staff-data-analyst-customer-success-strategy-ops-at-the-hustle-4172518190?position=26&pageNum=0&refId=Eh%2B2PKkvHeaU3UlzCJhJ%2FA%3D%3D&trackingId=tmSbQkpPOkBsRNxgd4m%2Fbw%3D%3D
Senior Data Analyst,Timewise Food Stores,"Houston, TX",https://www.linkedin.com/jobs/view/senior-data-analyst-at-timewise-food-stores-4181857330?position=27&pageNum=0&refId=Eh%2B2PKkvHeaU3UlzCJhJ%2FA%3D%3D&trackingId=MRVLgVHrD2WmEshP19qHkA%3D%3D
Senior Data Analyst,eClerx,"Austin, TX",https://www.linkedin.com/jobs/view/senior-data-analyst-at-eclerx-4143849595?position=28&pageNum=0&refId=Eh%2B2PKkvHeaU3UlzCJhJ%2FA%3D%3D&trackingId=0LQJ4mFexmcXeazaM9M40Q%3D%3D
Data Acquisition Specialist,Socure,United States,https://www.linkedin.com/jobs/view/data-acquisition-specialist-at-socure-4147649568?position=29&pageNum=0&refId=Eh%2B2PKkvHeaU3UlzCJhJ%2FA%3D%3D&trackingId=DFb%2B6hnPIsGKHtxKWMLssQ%3D%3D
Data Analyst - Dealer Sales,JCB North America,"Pooler, GA",https://www.linkedin.com/jobs/view/data-analyst-dealer-sales-at-jcb-north-america-4133482266?position=30&pageNum=0&refId=Eh%2B2PKkvHeaU3UlzCJhJ%2FA%3D%3D&trackingId=NzRCiaFSWw8%2FKEl%2F5lamOw%3D%3D
Database Engineer,Persistent Systems,"Ada, MI",https://www.linkedin.com/jobs/view/database-engineer-at-persistent-systems-4159023109?position=31&pageNum=0&refId=Eh%2B2PKkvHeaU3UlzCJhJ%2FA%3D%3D&trackingId=FZ6iJMogeepiGNoV5rvXUQ%3D%3D
Database Engineer,"V-Soft Consulting Group, Inc.","Parsippany, NJ",https://www.linkedin.com/jobs/view/database-engineer-at-v-soft-consulting-group-inc-4144906229?position=32&pageNum=0&refId=Eh%2B2PKkvHeaU3UlzCJhJ%2FA%3D%3D&trackingId=TnahuyIKH0AH6kR8kXkLNg%3D%3D
Jr BA/Coordinator,STAND 8 Technology Consulting,"New York, NY",https://www.linkedin.com/jobs/view/jr-ba-coordinator-at-stand-8-technology-consulting-4158904451?position=33&pageNum=0&refId=Eh%2B2PKkvHeaU3UlzCJhJ%2FA%3D%3D&trackingId=m9oFcnO%2F%2BzKuSefBbBj%2BFA%3D%3D
Sr. Data Warehouse Engineer,BETSOL,"Denver, CO",https://www.linkedin.com/jobs/view/sr-data-warehouse-engineer-at-betsol-4179400985?position=34&pageNum=0&refId=Eh%2B2PKkvHeaU3UlzCJhJ%2FA%3D%3D&trackingId=EyjeXCEf4ah9FT%2FrUsl9iA%3D%3D
Business Intelligence Analyst,Verisk,"Lehi, UT",https://www.linkedin.com/jobs/view/business-intelligence-analyst-at-verisk-4161851624?position=35&pageNum=0&refId=Eh%2B2PKkvHeaU3UlzCJhJ%2FA%3D%3D&trackingId=o1D%2BA01dfOs88U0eJt6BCA%3D%3D
Business Intelligence Analyst,Verisk,"Lehi, UT",https://www.linkedin.com/jobs/view/business-intelligence-analyst-at-verisk-4161858036?position=36&pageNum=0&refId=Eh%2B2PKkvHeaU3UlzCJhJ%2FA%3D%3D&trackingId=ZysPz9WpfCqCU9thOcYivA%3D%3D
Data and AI Engineer - Summer 2025 Intern,Sanofi,"Cambridge, MA",https://www.linkedin.com/jobs/view/data-and-ai-engineer-summer-2025-intern-at-sanofi-4176883003?position=37&pageNum=0&refId=Eh%2B2PKkvHeaU3UlzCJhJ%2FA%3D%3D&trackingId=%2FDzsm3YNjEtJOZeUN7n4Qg%3D%3D
Data Scientist - Bellevue,RESULTICKS,"Bellevue, WA",https://www.linkedin.com/jobs/view/data-scientist-bellevue-at-resulticks-4167234790?position=38&pageNum=0&refId=Eh%2B2PKkvHeaU3UlzCJhJ%2FA%3D%3D&trackingId=FDrhieSjuQwQUXD69TnnvQ%3D%3D
"Staff Data Analyst, Customer Success Strategy & Ops",HubSpot,"Cambridge, MA",https://www.linkedin.com/jobs/view/staff-data-analyst-customer-success-strategy-ops-at-hubspot-4172395108?position=39&pageNum=0&refId=Eh%2B2PKkvHeaU3UlzCJhJ%2FA%3D%3D&trackingId=g%2Fr6BXTS3L0i9Oyzge47yw%3D%3D
"ML Data Associate-II, Artificial General Intelligence",Amazon,"Boston, MA",https://www.linkedin.com/jobs/view/ml-data-associate-ii-artificial-general-intelligence-at-amazon-4128019547?position=40&pageNum=0&refId=Eh%2B2PKkvHeaU3UlzCJhJ%2FA%3D%3D&trackingId=O2fH9Yi7W6YeEnMgabd9FQ%3D%3D
"ML Data Associate-II, Artificial General Intelligence",Amazon,"Boston, MA",https://www.linkedin.com/jobs/view/ml-data-associate-ii-artificial-general-intelligence-at-amazon-4119711027?position=41&pageNum=0&refId=Eh%2B2PKkvHeaU3UlzCJhJ%2FA%3D%3D&trackingId=JTTZ7qANTV7G%2F5fxY%2BA9mg%3D%3D
Specialist- Expert,"V-Soft Consulting Group, Inc.","Raleigh, NC",https://www.linkedin.com/jobs/view/specialist-expert-at-v-soft-consulting-group-inc-4181590456?position=42&pageNum=0&refId=Eh%2B2PKkvHeaU3UlzCJhJ%2FA%3D%3D&trackingId=MuOlfWl4OgDlHxcRHArwZA%3D%3D
Advanced Data Engineer 100% Remote,"V-Soft Consulting Group, Inc.","Illinois, United States",https://www.linkedin.com/jobs/view/advanced-data-engineer-100%25-remote-at-v-soft-consulting-group-inc-4181230797?position=43&pageNum=0&refId=Eh%2B2PKkvHeaU3UlzCJhJ%2FA%3D%3D&trackingId=epxqq%2FB50WN7Tqo9F2xcBQ%3D%3D
Senior BI Consultant,Quantzig,San Francisco Bay Area,https://www.linkedin.com/jobs/view/senior-bi-consultant-at-quantzig-4087717233?position=44&pageNum=0&refId=Eh%2B2PKkvHeaU3UlzCJhJ%2FA%3D%3D&trackingId=NIdH13RZYILxc3URSKjYGg%3D%3D
Senior BI Consultant,Quantzig,Greater Minneapolis-St. Paul Area,https://www.linkedin.com/jobs/view/senior-bi-consultant-at-quantzig-4087718226?position=45&pageNum=0&refId=Eh%2B2PKkvHeaU3UlzCJhJ%2FA%3D%3D&trackingId=LhfL2oG1I3sRZDbxT3zezA%3D%3D
Enterprise Data Modeler,"V-Soft Consulting Group, Inc.","Richmond, VA",https://www.linkedin.com/jobs/view/enterprise-data-modeler-at-v-soft-consulting-group-inc-4130577828?position=46&pageNum=0&refId=Eh%2B2PKkvHeaU3UlzCJhJ%2FA%3D%3D&trackingId=BArdEDj2ni7h4jNjdpPugw%3D%3D
Fundamental Equities Alternative Data Analyst,The D. E. Shaw Group,"New York, NY",https://www.linkedin.com/jobs/view/fundamental-equities-alternative-data-analyst-at-the-d-e-shaw-group-4084834343?position=47&pageNum=0&refId=Eh%2B2PKkvHeaU3UlzCJhJ%2FA%3D%3D&trackingId=cEVSx0VN1y4ApUsq%2FHke8A%3D%3D
"Senior Analyst, Strategic Insights",Chegg Inc.,United States,https://www.linkedin.com/jobs/view/senior-analyst-strategic-insights-at-chegg-inc-4176383606?position=48&pageNum=0&refId=Eh%2B2PKkvHeaU3UlzCJhJ%2FA%3D%3D&trackingId=rmCLMuQlPMP4n9GGVlrfCQ%3D%3D
Senior BI Consultant,Quantzig,"Austin, TX",https://www.linkedin.com/jobs/view/senior-bi-consultant-at-quantzig-4087713690?position=49&pageNum=0&refId=Eh%2B2PKkvHeaU3UlzCJhJ%2FA%3D%3D&trackingId=298GSPT%2FHwErJII5Z68QuQ%3D%3D
"Director, Data Analysis",Zelis,"Texas, United States",https://www.linkedin.com/jobs/view/director-data-analysis-at-zelis-4182956874?position=50&pageNum=0&refId=Eh%2B2PKkvHeaU3UlzCJhJ%2FA%3D%3D&trackingId=n%2BgAeyp5FVpUBIZT6yYT9w%3D%3D
"Senior Data Analyst | Research Operations | Hybrid or Remote, US",Savanta,United States,https://www.linkedin.com/jobs/view/senior-data-analyst-research-operations-hybrid-or-remote-us-at-savanta-4182114704?position=51&pageNum=0&refId=Eh%2B2PKkvHeaU3UlzCJhJ%2FA%3D%3D&trackingId=EZqrvRkPSBeSBO9LwVKsHQ%3D%3D
Data Scientist,MatchPoint,"Sunnyvale, CA",https://www.linkedin.com/jobs/view/data-scientist-at-matchpoint-4178073711?position=52&pageNum=0&refId=Eh%2B2PKkvHeaU3UlzCJhJ%2FA%3D%3D&trackingId=T4YskjdnHUNrl2IGKVNtRQ%3D%3D
Data Quality Analyst,IntegriChain,Greater Philadelphia,https://www.linkedin.com/jobs/view/data-quality-analyst-at-integrichain-4158902101?position=53&pageNum=0&refId=Eh%2B2PKkvHeaU3UlzCJhJ%2FA%3D%3D&trackingId=62V6sKCwpbcvRsPcIRql9w%3D%3D
Data Modeler - Data Engineering (Healthcare),Exusia,United States,https://www.linkedin.com/jobs/view/data-modeler-data-engineering-healthcare-at-exusia-4143877822?position=54&pageNum=0&refId=Eh%2B2PKkvHeaU3UlzCJhJ%2FA%3D%3D&trackingId=Ls%2Fgi%2BBTfZFEAqspFqBtvg%3D%3D
"Director, Data Analysis",Zelis,"Hillsborough County, FL",https://www.linkedin.com/jobs/view/director-data-analysis-at-zelis-4182963379?position=55&pageNum=0&refId=Eh%2B2PKkvHeaU3UlzCJhJ%2FA%3D%3D&trackingId=m%2FHonekfmcFCOFc5kqokGQ%3D%3D
Data Engineer: Big Data,MNJ SOFTWARE,"Home, KS",https://www.linkedin.com/jobs/view/data-engineer-big-data-at-mnj-software-4148834197?position=56&pageNum=0&refId=Eh%2B2PKkvHeaU3UlzCJhJ%2FA%3D%3D&trackingId=AjWG5qqhOQis%2FvfUCH67xg%3D%3D
Senior Data Engineer,WaferWire Cloud Technologies,"Redmond, WA",https://www.linkedin.com/jobs/view/senior-data-engineer-at-waferwire-cloud-technologies-4180051317?position=57&pageNum=0&refId=Eh%2B2PKkvHeaU3UlzCJhJ%2FA%3D%3D&trackingId=rkw%2Fy00URlJiroaZiAk3iQ%3D%3D
Head of Data Sciences & Analysis,Pfizer,"New York, NY",https://www.linkedin.com/jobs/view/head-of-data-sciences-analysis-at-pfizer-4182468111?position=58&pageNum=0&refId=Eh%2B2PKkvHeaU3UlzCJhJ%2FA%3D%3D&trackingId=YQZLmykexrqAoYdCVFgjYw%3D%3D
Revenue Operations & Analytics Associate,Instawork,"Chicago, IL",https://www.linkedin.com/jobs/view/revenue-operations-analytics-associate-at-instawork-4127908835?position=59&pageNum=0&refId=Eh%2B2PKkvHeaU3UlzCJhJ%2FA%3D%3D&trackingId=TcTMREqGG2rpu%2BV6CkrTKA%3D%3D
"Director, Data Analysis",Zelis,"Fulton County, GA",https://www.linkedin.com/jobs/view/director-data-analysis-at-zelis-4182957865?position=60&pageNum=0&refId=Eh%2B2PKkvHeaU3UlzCJhJ%2FA%3D%3D&trackingId=qMaIK3SgAxC4iPXilssmcw%3D%3D
Business Data Analyst,"V-Soft Consulting Group, Inc.","Richmond, VA",https://www.linkedin.com/jobs/view/business-data-analyst-at-v-soft-consulting-group-inc-4139907050?position=1&pageNum=0&refId=ca1lonI%2BX1VWW%2FO2q2YF%2FQ%3D%3D&trackingId=2l1ww8%2BPnjtt%2FLbX22SPvQ%3D%3D
Data Analyst,STAND 8 Technology Consulting,"Long Beach, CA",https://www.linkedin.com/jobs/view/data-analyst-at-stand-8-technology-consulting-4183870994?position=2&pageNum=0&refId=ca1lonI%2BX1VWW%2FO2q2YF%2FQ%3D%3D&trackingId=vWAwhZk2vuuUyGEPiLuunA%3D%3D
Business Data Analyst - POSSIBLE SHORT TERM,"V-Soft Consulting Group, Inc.","Richmond, VA",https://www.linkedin.com/jobs/view/business-data-analyst-possible-short-term-at-v-soft-consulting-group-inc-4170318296?position=3&pageNum=0&refId=ca1lonI%2BX1VWW%2FO2q2YF%2FQ%3D%3D&trackingId=CLGUgxaT1Fd45VH3pgjvSA%3D%3D
Sr. Reporting Analyst,Firstsource,United States,https://www.linkedin.com/jobs/view/sr-reporting-analyst-at-firstsource-4182647856?position=4&pageNum=0&refId=ca1lonI%2BX1VWW%2FO2q2YF%2FQ%3D%3D&trackingId=txOclW4FM5fVIxKq%2B4p5hA%3D%3D
Data Analyst,Radiant System,"Northeast Saint Louis, MN",https://www.linkedin.com/jobs/view/data-analyst-at-radiant-system-4174856799?position=5&pageNum=0&refId=ca1lonI%2BX1VWW%2FO2q2YF%2FQ%3D%3D&trackingId=jxGVfhdsUmGpBBQ6XuMJtA%3D%3D
Data Analyst,Radiant,"St. Louis County, MN",https://www.linkedin.com/jobs/view/data-analyst-at-radiant-4177905370?position=6&pageNum=0&refId=ca1lonI%2BX1VWW%2FO2q2YF%2FQ%3D%3D&trackingId=M1uxxIHNCHk%2BbyDz463rzw%3D%3D
Senior Data Analyst,R Systems,"Las Vegas, NV",https://www.linkedin.com/jobs/view/senior-data-analyst-at-r-systems-4159662520?position=7&pageNum=0&refId=ca1lonI%2BX1VWW%2FO2q2YF%2FQ%3D%3D&trackingId=Mas3C%2B9UzKZiu%2Bfg3g4HAw%3D%3D
Data Analytics Intern,Four Hands,"Austin, TX",https://www.linkedin.com/jobs/view/data-analytics-intern-at-four-hands-4139380722?position=8&pageNum=0&refId=ca1lonI%2BX1VWW%2FO2q2YF%2FQ%3D%3D&trackingId=EbxFfSlDn2B8%2FdbrF8lDZw%3D%3D
Data Governance Analyst,"V-Soft Consulting Group, Inc.","Atlanta, GA",https://www.linkedin.com/jobs/view/data-governance-analyst-at-v-soft-consulting-group-inc-4119109565?position=9&pageNum=0&refId=ca1lonI%2BX1VWW%2FO2q2YF%2FQ%3D%3D&trackingId=gEOs%2Bdy7756t3SbccO6zJQ%3D%3D
Data Analyst (Contract),Macmillan,"New York, NY",https://www.linkedin.com/jobs/view/data-analyst-contract-at-macmillan-4165791385?position=10&pageNum=0&refId=ca1lonI%2BX1VWW%2FO2q2YF%2FQ%3D%3D&trackingId=MBQXJD41HMvB9VLOPEvMlw%3D%3D
Power BI/SQL Developer,"V-Soft Consulting Group, Inc.","Richmond, VA",https://www.linkedin.com/jobs/view/power-bi-sql-developer-at-v-soft-consulting-group-inc-4158877783?position=11&pageNum=0&refId=ca1lonI%2BX1VWW%2FO2q2YF%2FQ%3D%3D&trackingId=h%2BrNnACvlYRNpphAYseV3Q%3D%3D
Business Intelligence Platform Administrator,STAND 8 Technology Consulting,"New York, NY",https://www.linkedin.com/jobs/view/business-intelligence-platform-administrator-at-stand-8-technology-consulting-4178486146?position=12&pageNum=0&refId=ca1lonI%2BX1VWW%2FO2q2YF%2FQ%3D%3D&trackingId=aZxKUHmjkYoL4dz%2FdEZXrw%3D%3D
Sr. BI Developer,BETSOL,"Denver, CO",https://www.linkedin.com/jobs/view/sr-bi-developer-at-betsol-4180022484?position=13&pageNum=0&refId=ca1lonI%2BX1VWW%2FO2q2YF%2FQ%3D%3D&trackingId=i49IZQx0BQyIw4VVkTgZ8Q%3D%3D
Business Systems Analyst - Xactly,HubSpot,United States,https://www.linkedin.com/jobs/view/business-systems-analyst-xactly-at-hubspot-4156720506?position=14&pageNum=0&refId=ca1lonI%2BX1VWW%2FO2q2YF%2FQ%3D%3D&trackingId=nBmQhALdXDCJcYWyRNKLpg%3D%3D
Business Intelligence Marketing Analyst,Simon & Schuster Children's Publishing,"Albany, New York Metropolitan Area",https://www.linkedin.com/jobs/view/business-intelligence-marketing-analyst-at-simon-schuster-children-s-publishing-4124969857?position=15&pageNum=0&refId=ca1lonI%2BX1VWW%2FO2q2YF%2FQ%3D%3D&trackingId=zTelFCFBN6GKzKn5DZL7Yw%3D%3D
HRIS Data Analyst,LRQA,"Elkhart County, IN",https://www.linkedin.com/jobs/view/hris-data-analyst-at-lrqa-4178433787?position=16&pageNum=0&refId=ca1lonI%2BX1VWW%2FO2q2YF%2FQ%3D%3D&trackingId=GdO025mpQoaiJBXDtD4EDw%3D%3D
"Data Analyst, HR Operations",Simon & Schuster Children's Publishing,"Albany, New York Metropolitan Area",https://www.linkedin.com/jobs/view/data-analyst-hr-operations-at-simon-schuster-children-s-publishing-4121106134?position=17&pageNum=0&refId=ca1lonI%2BX1VWW%2FO2q2YF%2FQ%3D%3D&trackingId=S%2BTER98VxPn4mFzWoGVsBA%3D%3D
Power BI/Data Analyst,Jobs via Dice,"Houston, TX",https://www.linkedin.com/jobs/view/power-bi-data-analyst-at-jobs-via-dice-4183065940?position=18&pageNum=0&refId=ca1lonI%2BX1VWW%2FO2q2YF%2FQ%3D%3D&trackingId=PXx5pOrtrnYY3%2B%2BmPNERdA%3D%3D
Database Engineer - Bellevue,RESULTICKS,"Bellevue, WA",https://www.linkedin.com/jobs/view/database-engineer-bellevue-at-resulticks-4167232908?position=19&pageNum=0&refId=ca1lonI%2BX1VWW%2FO2q2YF%2FQ%3D%3D&trackingId=OkvdPvz%2BYfcRB%2FC8Q7ImyQ%3D%3D
Data Analyst II,Verisk,"Denver, CO",https://www.linkedin.com/jobs/view/data-analyst-ii-at-verisk-4116603061?position=20&pageNum=0&refId=ca1lonI%2BX1VWW%2FO2q2YF%2FQ%3D%3D&trackingId=t2xO421vAnBoK7PlfKGbyA%3D%3D
SQL Server Developer,Persistent Systems,"New Jersey, United States",https://www.linkedin.com/jobs/view/sql-server-developer-at-persistent-systems-4165498005?position=21&pageNum=0&refId=ca1lonI%2BX1VWW%2FO2q2YF%2FQ%3D%3D&trackingId=Pbe8vwMEwqGTelSu4T24pg%3D%3D
Data Operations Analyst,Everyday Health,"New York, NY",https://www.linkedin.com/jobs/view/data-operations-analyst-at-everyday-health-4160547137?position=22&pageNum=0&refId=ca1lonI%2BX1VWW%2FO2q2YF%2FQ%3D%3D&trackingId=B%2BoI3yCE1BmgeMU2wjKznA%3D%3D
"Senior Manager, Data Science - PSM",LinkedIn,"Sunnyvale, CA",https://www.linkedin.com/jobs/view/senior-manager-data-science-psm-at-linkedin-4153093413?position=23&pageNum=0&refId=ca1lonI%2BX1VWW%2FO2q2YF%2FQ%3D%3D&trackingId=yxjFKeL3ef9%2FOLFdEnhuRg%3D%3D
Consultant/ Sr. Consultant- Commercial Analytics,PharmaACE,"New Jersey, United States",https://www.linkedin.com/jobs/view/consultant-sr-consultant-commercial-analytics-at-pharmaace-4173747697?position=24&pageNum=0&refId=ca1lonI%2BX1VWW%2FO2q2YF%2FQ%3D%3D&trackingId=8JAe8OMEaF5EnAjAc%2FP68g%3D%3D
Data Integration Analyst I,Vertafore,"Denver, CO",https://www.linkedin.com/jobs/view/data-integration-analyst-i-at-vertafore-4161141451?position=25&pageNum=0&refId=ca1lonI%2BX1VWW%2FO2q2YF%2FQ%3D%3D&trackingId=Qc5o65cuDCLoruEL%2FDhhoA%3D%3D
"Staff Data Analyst, Customer Success Strategy & Ops",The Hustle,"Cambridge, MA",https://www.linkedin.com/jobs/view/staff-data-analyst-customer-success-strategy-ops-at-the-hustle-4172518190?position=26&pageNum=0&refId=ca1lonI%2BX1VWW%2FO2q2YF%2FQ%3D%3D&trackingId=qO1uFAJxYeAzsR7IjflEyg%3D%3D
Senior Data Analyst,Timewise Food Stores,"Houston, TX",https://www.linkedin.com/jobs/view/senior-data-analyst-at-timewise-food-stores-4181857330?position=27&pageNum=0&refId=ca1lonI%2BX1VWW%2FO2q2YF%2FQ%3D%3D&trackingId=kWA9XKWVU0YzLpZ9sL%2BtcQ%3D%3D
Senior Data Analyst,eClerx,"Austin, TX",https://www.linkedin.com/jobs/view/senior-data-analyst-at-eclerx-4143849595?position=28&pageNum=0&refId=ca1lonI%2BX1VWW%2FO2q2YF%2FQ%3D%3D&trackingId=dtJwD9IaKTFzBCnJ%2FloGHw%3D%3D
Data Acquisition Specialist,Socure,United States,https://www.linkedin.com/jobs/view/data-acquisition-specialist-at-socure-4147649568?position=29&pageNum=0&refId=ca1lonI%2BX1VWW%2FO2q2YF%2FQ%3D%3D&trackingId=yX9zRvrpeAKTxFxrziguAw%3D%3D
Data Analyst - Dealer Sales,JCB North America,"Pooler, GA",https://www.linkedin.com/jobs/view/data-analyst-dealer-sales-at-jcb-north-america-4133482266?position=30&pageNum=0&refId=ca1lonI%2BX1VWW%2FO2q2YF%2FQ%3D%3D&trackingId=n16JR4M4VTevamvJ%2BULqYg%3D%3D
Database Engineer,Persistent Systems,"Ada, MI",https://www.linkedin.com/jobs/view/database-engineer-at-persistent-systems-4159023109?position=31&pageNum=0&refId=ca1lonI%2BX1VWW%2FO2q2YF%2FQ%3D%3D&trackingId=nEN%2BbthuwQaCa%2FOiBfGatQ%3D%3D
Database Engineer,"V-Soft Consulting Group, Inc.","Parsippany, NJ",https://www.linkedin.com/jobs/view/database-engineer-at-v-soft-consulting-group-inc-4144906229?position=32&pageNum=0&refId=ca1lonI%2BX1VWW%2FO2q2YF%2FQ%3D%3D&trackingId=2MY77O7437mXIWkAl%2BLIhQ%3D%3D
Jr BA/Coordinator,STAND 8 Technology Consulting,"New York, NY",https://www.linkedin.com/jobs/view/jr-ba-coordinator-at-stand-8-technology-consulting-4158904451?position=33&pageNum=0&refId=ca1lonI%2BX1VWW%2FO2q2YF%2FQ%3D%3D&trackingId=e8T%2FTXSXVw0dvhKROuYmGw%3D%3D
Sr. Data Warehouse Engineer,BETSOL,"Denver, CO",https://www.linkedin.com/jobs/view/sr-data-warehouse-engineer-at-betsol-4179400985?position=34&pageNum=0&refId=ca1lonI%2BX1VWW%2FO2q2YF%2FQ%3D%3D&trackingId=SjiM6nU84HKEe6wpkdjOQg%3D%3D
Business Intelligence Analyst,Verisk,"Lehi, UT",https://www.linkedin.com/jobs/view/business-intelligence-analyst-at-verisk-4161851624?position=35&pageNum=0&refId=ca1lonI%2BX1VWW%2FO2q2YF%2FQ%3D%3D&trackingId=Ey4y9HUNnwOeKeYusm33RA%3D%3D
Business Intelligence Analyst,Verisk,"Lehi, UT",https://www.linkedin.com/jobs/view/business-intelligence-analyst-at-verisk-4161858036?position=36&pageNum=0&refId=ca1lonI%2BX1VWW%2FO2q2YF%2FQ%3D%3D&trackingId=n0frXdlnbguI37HrAUp3NQ%3D%3D
Data and AI Engineer - Summer 2025 Intern,Sanofi,"Cambridge, MA",https://www.linkedin.com/jobs/view/data-and-ai-engineer-summer-2025-intern-at-sanofi-4176883003?position=37&pageNum=0&refId=ca1lonI%2BX1VWW%2FO2q2YF%2FQ%3D%3D&trackingId=niH85eq3PKcWvmQVfBPl2Q%3D%3D
Data Scientist - Bellevue,RESULTICKS,"Bellevue, WA",https://www.linkedin.com/jobs/view/data-scientist-bellevue-at-resulticks-4167234790?position=38&pageNum=0&refId=ca1lonI%2BX1VWW%2FO2q2YF%2FQ%3D%3D&trackingId=eJAit3xzv%2FjHQzfsnh3MKw%3D%3D
"Staff Data Analyst, Customer Success Strategy & Ops",HubSpot,"Cambridge, MA",https://www.linkedin.com/jobs/view/staff-data-analyst-customer-success-strategy-ops-at-hubspot-4172395108?position=39&pageNum=0&refId=ca1lonI%2BX1VWW%2FO2q2YF%2FQ%3D%3D&trackingId=r7TJZfyR4FQjR1sQwkg8ZA%3D%3D
"ML Data Associate-II, Artificial General Intelligence",Amazon,"Boston, MA",https://www.linkedin.com/jobs/view/ml-data-associate-ii-artificial-general-intelligence-at-amazon-4128019547?position=40&pageNum=0&refId=ca1lonI%2BX1VWW%2FO2q2YF%2FQ%3D%3D&trackingId=Tnz3NgC0xs9N5nGfDMUtFQ%3D%3D
"ML Data Associate-II, Artificial General Intelligence",Amazon,"Boston, MA",https://www.linkedin.com/jobs/view/ml-data-associate-ii-artificial-general-intelligence-at-amazon-4119711027?position=41&pageNum=0&refId=ca1lonI%2BX1VWW%2FO2q2YF%2FQ%3D%3D&trackingId=jiGyX56ptGFfGSZjzwc4%2BQ%3D%3D
Specialist- Expert,"V-Soft Consulting Group, Inc.","Raleigh, NC",https://www.linkedin.com/jobs/view/specialist-expert-at-v-soft-consulting-group-inc-4181590456?position=42&pageNum=0&refId=ca1lonI%2BX1VWW%2FO2q2YF%2FQ%3D%3D&trackingId=0sCGilBg3FjNbP%2BzfO%2BqJQ%3D%3D
Advanced Data Engineer 100% Remote,"V-Soft Consulting Group, Inc.","Illinois, United States",https://www.linkedin.com/jobs/view/advanced-data-engineer-100%25-remote-at-v-soft-consulting-group-inc-4181230797?position=43&pageNum=0&refId=ca1lonI%2BX1VWW%2FO2q2YF%2FQ%3D%3D&trackingId=5R8XNuaR2EQjJaEWYHAIZQ%3D%3D
Senior BI Consultant,Quantzig,San Francisco Bay Area,https://www.linkedin.com/jobs/view/senior-bi-consultant-at-quantzig-4087717233?position=44&pageNum=0&refId=ca1lonI%2BX1VWW%2FO2q2YF%2FQ%3D%3D&trackingId=b60LjoCGAJt%2F9%2Fn8bVDIGw%3D%3D
Senior BI Consultant,Quantzig,Greater Minneapolis-St. Paul Area,https://www.linkedin.com/jobs/view/senior-bi-consultant-at-quantzig-4087718226?position=45&pageNum=0&refId=ca1lonI%2BX1VWW%2FO2q2YF%2FQ%3D%3D&trackingId=FcyMP1rLBdMveJlfzirK1A%3D%3D
Enterprise Data Modeler,"V-Soft Consulting Group, Inc.","Richmond, VA",https://www.linkedin.com/jobs/view/enterprise-data-modeler-at-v-soft-consulting-group-inc-4130577828?position=46&pageNum=0&refId=ca1lonI%2BX1VWW%2FO2q2YF%2FQ%3D%3D&trackingId=nZhisvMRU%2FBMLfGNfD13kQ%3D%3D
Fundamental Equities Alternative Data Analyst,The D. E. Shaw Group,"New York, NY",https://www.linkedin.com/jobs/view/fundamental-equities-alternative-data-analyst-at-the-d-e-shaw-group-4084834343?position=47&pageNum=0&refId=ca1lonI%2BX1VWW%2FO2q2YF%2FQ%3D%3D&trackingId=24C8wbcwZBnmbrCTV6Mdsw%3D%3D
"Senior Analyst, Strategic Insights",Chegg Inc.,United States,https://www.linkedin.com/jobs/view/senior-analyst-strategic-insights-at-chegg-inc-4176383606?position=48&pageNum=0&refId=ca1lonI%2BX1VWW%2FO2q2YF%2FQ%3D%3D&trackingId=OrcSGDBWXB0jGWiCoMWyYQ%3D%3D
Senior BI Consultant,Quantzig,"Austin, TX",https://www.linkedin.com/jobs/view/senior-bi-consultant-at-quantzig-4087713690?position=49&pageNum=0&refId=ca1lonI%2BX1VWW%2FO2q2YF%2FQ%3D%3D&trackingId=U77SxHeqYSFbTGV7wxdP4w%3D%3D
"Director, Data Analysis",Zelis,"Texas, United States",https://www.linkedin.com/jobs/view/director-data-analysis-at-zelis-4182956874?position=50&pageNum=0&refId=ca1lonI%2BX1VWW%2FO2q2YF%2FQ%3D%3D&trackingId=SCDfPMKQf68KIHbqyKKRVg%3D%3D
"Senior Data Analyst | Research Operations | Hybrid or Remote, US",Savanta,United States,https://www.linkedin.com/jobs/view/senior-data-analyst-research-operations-hybrid-or-remote-us-at-savanta-4182114704?position=51&pageNum=0&refId=ca1lonI%2BX1VWW%2FO2q2YF%2FQ%3D%3D&trackingId=yD1fWl0Q%2BekJnAzvEoCClw%3D%3D
Data Scientist,MatchPoint,"Sunnyvale, CA",https://www.linkedin.com/jobs/view/data-scientist-at-matchpoint-4178073711?position=52&pageNum=0&refId=ca1lonI%2BX1VWW%2FO2q2YF%2FQ%3D%3D&trackingId=9tX5hWCa9Vp%2FXzifQAZivA%3D%3D
Data Quality Analyst,IntegriChain,Greater Philadelphia,https://www.linkedin.com/jobs/view/data-quality-analyst-at-integrichain-4158902101?position=53&pageNum=0&refId=ca1lonI%2BX1VWW%2FO2q2YF%2FQ%3D%3D&trackingId=xupSepekpsIPWjLgh0OMng%3D%3D
Data Modeler - Data Engineering (Healthcare),Exusia,United States,https://www.linkedin.com/jobs/view/data-modeler-data-engineering-healthcare-at-exusia-4143877822?position=54&pageNum=0&refId=ca1lonI%2BX1VWW%2FO2q2YF%2FQ%3D%3D&trackingId=efHVOlI1kOztdtGM3V82Gw%3D%3D
"Director, Data Analysis",Zelis,"Hillsborough County, FL",https://www.linkedin.com/jobs/view/director-data-analysis-at-zelis-4182963379?position=55&pageNum=0&refId=ca1lonI%2BX1VWW%2FO2q2YF%2FQ%3D%3D&trackingId=d53ySPRnplrH0VjqNAxniQ%3D%3D
Data Engineer: Big Data,MNJ SOFTWARE,"Home, KS",https://www.linkedin.com/jobs/view/data-engineer-big-data-at-mnj-software-4148834197?position=56&pageNum=0&refId=ca1lonI%2BX1VWW%2FO2q2YF%2FQ%3D%3D&trackingId=gFWqoxqMGQyAKRNGEa9%2FFA%3D%3D
Senior Data Engineer,WaferWire Cloud Technologies,"Redmond, WA",https://www.linkedin.com/jobs/view/senior-data-engineer-at-waferwire-cloud-technologies-4180051317?position=57&pageNum=0&refId=ca1lonI%2BX1VWW%2FO2q2YF%2FQ%3D%3D&trackingId=ALKts0rdPYLRcwHuxTz7Bg%3D%3D
Head of Data Sciences & Analysis,Pfizer,"New York, NY",https://www.linkedin.com/jobs/view/head-of-data-sciences-analysis-at-pfizer-4182468111?position=58&pageNum=0&refId=ca1lonI%2BX1VWW%2FO2q2YF%2FQ%3D%3D&trackingId=4mEmEO9SXE48RJwyw2Ddmw%3D%3D
Revenue Operations & Analytics Associate,Instawork,"Chicago, IL",https://www.linkedin.com/jobs/view/revenue-operations-analytics-associate-at-instawork-4127908835?position=59&pageNum=0&refId=ca1lonI%2BX1VWW%2FO2q2YF%2FQ%3D%3D&trackingId=4U9KzkS49b5KqPYBPbR7dw%3D%3D
"Director, Data Analysis",Zelis,"Fulton County, GA",https://www.linkedin.com/jobs/view/director-data-analysis-at-zelis-4182957865?position=60&pageNum=0&refId=ca1lonI%2BX1VWW%2FO2q2YF%2FQ%3D%3D&trackingId=g1kWP6yQnQl63ennzrYO%2FA%3D%3D
Business Data Analyst,"V-Soft Consulting Group, Inc.","Richmond, VA",https://www.linkedin.com/jobs/view/business-data-analyst-at-v-soft-consulting-group-inc-4139907050?position=1&pageNum=0&refId=SGZ4CJ0FNtth8NMcVkS27A%3D%3D&trackingId=mRaMlyVUAS%2FPnR93OG2DRA%3D%3D
Data Analyst,STAND 8 Technology Consulting,"Long Beach, CA",https://www.linkedin.com/jobs/view/data-analyst-at-stand-8-technology-consulting-4183870994?position=2&pageNum=0&refId=SGZ4CJ0FNtth8NMcVkS27A%3D%3D&trackingId=G%2Bf%2BWLDn6v0JaFIbrpNGSw%3D%3D
Business Data Analyst - POSSIBLE SHORT TERM,"V-Soft Consulting Group, Inc.","Richmond, VA",https://www.linkedin.com/jobs/view/business-data-analyst-possible-short-term-at-v-soft-consulting-group-inc-4170318296?position=3&pageNum=0&refId=SGZ4CJ0FNtth8NMcVkS27A%3D%3D&trackingId=UJGfdTvxqvQBBZERwK6RsQ%3D%3D
Sr. Reporting Analyst,Firstsource,United States,https://www.linkedin.com/jobs/view/sr-reporting-analyst-at-firstsource-4182647856?position=4&pageNum=0&refId=SGZ4CJ0FNtth8NMcVkS27A%3D%3D&trackingId=yjsEeWtLVn2glM3IieRAqw%3D%3D
Data Analyst,Radiant System,"Northeast Saint Louis, MN",https://www.linkedin.com/jobs/view/data-analyst-at-radiant-system-4174856799?position=5&pageNum=0&refId=SGZ4CJ0FNtth8NMcVkS27A%3D%3D&trackingId=l5sct95QfOdnMGewnTk1Kg%3D%3D
Data Analyst,Radiant,"St. Louis County, MN",https://www.linkedin.com/jobs/view/data-analyst-at-radiant-4177905370?position=6&pageNum=0&refId=SGZ4CJ0FNtth8NMcVkS27A%3D%3D&trackingId=DNlzcf65SugdeJFaGfcb3A%3D%3D
Senior Data Analyst,R Systems,"Las Vegas, NV",https://www.linkedin.com/jobs/view/senior-data-analyst-at-r-systems-4159662520?position=7&pageNum=0&refId=SGZ4CJ0FNtth8NMcVkS27A%3D%3D&trackingId=SigrJP7WY0PUWRyzVkrPeg%3D%3D
Data Analytics Intern,Four Hands,"Austin, TX",https://www.linkedin.com/jobs/view/data-analytics-intern-at-four-hands-4139380722?position=8&pageNum=0&refId=SGZ4CJ0FNtth8NMcVkS27A%3D%3D&trackingId=tJSl0C%2FtUb4PKsCAmOwTig%3D%3D
Data Governance Analyst,"V-Soft Consulting Group, Inc.","Atlanta, GA",https://www.linkedin.com/jobs/view/data-governance-analyst-at-v-soft-consulting-group-inc-4119109565?position=9&pageNum=0&refId=SGZ4CJ0FNtth8NMcVkS27A%3D%3D&trackingId=ezo1hK2%2BSfcMrYoFsmu5rg%3D%3D
Data Analyst (Contract),Macmillan,"New York, NY",https://www.linkedin.com/jobs/view/data-analyst-contract-at-macmillan-4165791385?position=10&pageNum=0&refId=SGZ4CJ0FNtth8NMcVkS27A%3D%3D&trackingId=wSIxevvCU4wMg9cQ809IxQ%3D%3D
Power BI/SQL Developer,"V-Soft Consulting Group, Inc.","Richmond, VA",https://www.linkedin.com/jobs/view/power-bi-sql-developer-at-v-soft-consulting-group-inc-4158877783?position=11&pageNum=0&refId=SGZ4CJ0FNtth8NMcVkS27A%3D%3D&trackingId=0mP%2FcTeAXQXGb41wZRM07A%3D%3D
Business Intelligence Platform Administrator,STAND 8 Technology Consulting,"New York, NY",https://www.linkedin.com/jobs/view/business-intelligence-platform-administrator-at-stand-8-technology-consulting-4178486146?position=12&pageNum=0&refId=SGZ4CJ0FNtth8NMcVkS27A%3D%3D&trackingId=6RsNQkOyQMg0EXZKO%2B4vkQ%3D%3D
Sr. BI Developer,BETSOL,"Denver, CO",https://www.linkedin.com/jobs/view/sr-bi-developer-at-betsol-4180022484?position=13&pageNum=0&refId=SGZ4CJ0FNtth8NMcVkS27A%3D%3D&trackingId=nmvz%2BgSrPe70g9bd6Xf5Wg%3D%3D
Business Intelligence Marketing Analyst,Simon & Schuster Children's Publishing,"Albany, New York Metropolitan Area",https://www.linkedin.com/jobs/view/business-intelligence-marketing-analyst-at-simon-schuster-children-s-publishing-4124969857?position=14&pageNum=0&refId=SGZ4CJ0FNtth8NMcVkS27A%3D%3D&trackingId=YchERtr1YkXAFp3flYUdpw%3D%3D
HRIS Data Analyst,LRQA,"Elkhart County, IN",https://www.linkedin.com/jobs/view/hris-data-analyst-at-lrqa-4178433787?position=15&pageNum=0&refId=SGZ4CJ0FNtth8NMcVkS27A%3D%3D&trackingId=pWwz5x2%2FaLzDmGkO%2FHElyw%3D%3D
"Data Analyst, HR Operations",Simon & Schuster Children's Publishing,"Albany, New York Metropolitan Area",https://www.linkedin.com/jobs/view/data-analyst-hr-operations-at-simon-schuster-children-s-publishing-4121106134?position=16&pageNum=0&refId=SGZ4CJ0FNtth8NMcVkS27A%3D%3D&trackingId=5J9oehIpEvD8YhQl5%2BlTSg%3D%3D
Business Systems Analyst - Xactly,HubSpot,United States,https://www.linkedin.com/jobs/view/business-systems-analyst-xactly-at-hubspot-4156720506?position=17&pageNum=0&refId=SGZ4CJ0FNtth8NMcVkS27A%3D%3D&trackingId=Qa8fF02m%2B7XLGBFeXBdkCg%3D%3D
Power BI/Data Analyst,Jobs via Dice,"Houston, TX",https://www.linkedin.com/jobs/view/power-bi-data-analyst-at-jobs-via-dice-4183065940?position=18&pageNum=0&refId=SGZ4CJ0FNtth8NMcVkS27A%3D%3D&trackingId=I%2FNG%2BcZxXoiAITmlqAzCSQ%3D%3D
Database Engineer - Bellevue,RESULTICKS,"Bellevue, WA",https://www.linkedin.com/jobs/view/database-engineer-bellevue-at-resulticks-4167232908?position=19&pageNum=0&refId=SGZ4CJ0FNtth8NMcVkS27A%3D%3D&trackingId=Inq1iZDRk6pSh3iXnNX5JA%3D%3D
Data Analyst II,Verisk,"Denver, CO",https://www.linkedin.com/jobs/view/data-analyst-ii-at-verisk-4116603061?position=20&pageNum=0&refId=SGZ4CJ0FNtth8NMcVkS27A%3D%3D&trackingId=KS2n7MBgmlHJ72%2FGRJN6MA%3D%3D
SQL Server Developer,Persistent Systems,"New Jersey, United States",https://www.linkedin.com/jobs/view/sql-server-developer-at-persistent-systems-4165498005?position=21&pageNum=0&refId=SGZ4CJ0FNtth8NMcVkS27A%3D%3D&trackingId=FApbPLsT7jKNM2CdjTRABA%3D%3D
Data Operations Analyst,Everyday Health,"New York, NY",https://www.linkedin.com/jobs/view/data-operations-analyst-at-everyday-health-4160547137?position=22&pageNum=0&refId=SGZ4CJ0FNtth8NMcVkS27A%3D%3D&trackingId=J9gQQi05hu9O%2BxEez4go8w%3D%3D
"Senior Manager, Data Science - PSM",LinkedIn,"Sunnyvale, CA",https://www.linkedin.com/jobs/view/senior-manager-data-science-psm-at-linkedin-4153093413?position=23&pageNum=0&refId=SGZ4CJ0FNtth8NMcVkS27A%3D%3D&trackingId=MwaRY8ejKooWDsW1i0VH%2Bw%3D%3D
Consultant/ Sr. Consultant- Commercial Analytics,PharmaACE,"New Jersey, United States",https://www.linkedin.com/jobs/view/consultant-sr-consultant-commercial-analytics-at-pharmaace-4173747697?position=24&pageNum=0&refId=SGZ4CJ0FNtth8NMcVkS27A%3D%3D&trackingId=SP0yzEzYZKuSgS%2FsfTtEYg%3D%3D
Data Integration Analyst I,Vertafore,"Denver, CO",https://www.linkedin.com/jobs/view/data-integration-analyst-i-at-vertafore-4161141451?position=25&pageNum=0&refId=SGZ4CJ0FNtth8NMcVkS27A%3D%3D&trackingId=VQ%2Fzrz7ik4owDb5nZ4SYww%3D%3D
"Staff Data Analyst, Customer Success Strategy & Ops",The Hustle,"Cambridge, MA",https://www.linkedin.com/jobs/view/staff-data-analyst-customer-success-strategy-ops-at-the-hustle-4172518190?position=26&pageNum=0&refId=SGZ4CJ0FNtth8NMcVkS27A%3D%3D&trackingId=2%2Fte4g09XoEq4RVNVhNMeg%3D%3D
Senior Data Analyst,Timewise Food Stores,"Houston, TX",https://www.linkedin.com/jobs/view/senior-data-analyst-at-timewise-food-stores-4181857330?position=27&pageNum=0&refId=SGZ4CJ0FNtth8NMcVkS27A%3D%3D&trackingId=Znsv9icnguGNNkW4TjbyQw%3D%3D
Senior Data Analyst,eClerx,"Austin, TX",https://www.linkedin.com/jobs/view/senior-data-analyst-at-eclerx-4143849595?position=28&pageNum=0&refId=SGZ4CJ0FNtth8NMcVkS27A%3D%3D&trackingId=3Y5c7XRjPyO6nnXsv8oonA%3D%3D
Data Acquisition Specialist,Socure,United States,https://www.linkedin.com/jobs/view/data-acquisition-specialist-at-socure-4147649568?position=29&pageNum=0&refId=SGZ4CJ0FNtth8NMcVkS27A%3D%3D&trackingId=YPto0GoH8YKHxuA%2BSMrajQ%3D%3D
Data Analyst - Dealer Sales,JCB North America,"Pooler, GA",https://www.linkedin.com/jobs/view/data-analyst-dealer-sales-at-jcb-north-america-4133482266?position=30&pageNum=0&refId=SGZ4CJ0FNtth8NMcVkS27A%3D%3D&trackingId=tWDr3LN8BYy7vb07LXP6iQ%3D%3D
Database Engineer,Persistent Systems,"Ada, MI",https://www.linkedin.com/jobs/view/database-engineer-at-persistent-systems-4159023109?position=31&pageNum=0&refId=SGZ4CJ0FNtth8NMcVkS27A%3D%3D&trackingId=jS0S6%2FvcKNhIMo48riKlkw%3D%3D
Database Engineer,"V-Soft Consulting Group, Inc.","Parsippany, NJ",https://www.linkedin.com/jobs/view/database-engineer-at-v-soft-consulting-group-inc-4144906229?position=32&pageNum=0&refId=SGZ4CJ0FNtth8NMcVkS27A%3D%3D&trackingId=axURuaZUTtE%2F2bmeYFvTaw%3D%3D
Jr BA/Coordinator,STAND 8 Technology Consulting,"New York, NY",https://www.linkedin.com/jobs/view/jr-ba-coordinator-at-stand-8-technology-consulting-4158904451?position=33&pageNum=0&refId=SGZ4CJ0FNtth8NMcVkS27A%3D%3D&trackingId=oh3WNttY%2BA5mX%2BcCyLVoEw%3D%3D
Sr. Data Warehouse Engineer,BETSOL,"Denver, CO",https://www.linkedin.com/jobs/view/sr-data-warehouse-engineer-at-betsol-4179400985?position=34&pageNum=0&refId=SGZ4CJ0FNtth8NMcVkS27A%3D%3D&trackingId=3Ii4RKDYL6Hfet4hSV76wA%3D%3D
Business Intelligence Analyst,Verisk,"Lehi, UT",https://www.linkedin.com/jobs/view/business-intelligence-analyst-at-verisk-4161851624?position=35&pageNum=0&refId=SGZ4CJ0FNtth8NMcVkS27A%3D%3D&trackingId=FEQKtE9mgu8GBKqjvAda%2Bg%3D%3D
Business Intelligence Analyst,Verisk,"Lehi, UT",https://www.linkedin.com/jobs/view/business-intelligence-analyst-at-verisk-4161858036?position=36&pageNum=0&refId=SGZ4CJ0FNtth8NMcVkS27A%3D%3D&trackingId=gkuYz7l5CbtCk%2BtrBTReIQ%3D%3D
Data and AI Engineer - Summer 2025 Intern,Sanofi,"Cambridge, MA",https://www.linkedin.com/jobs/view/data-and-ai-engineer-summer-2025-intern-at-sanofi-4176883003?position=37&pageNum=0&refId=SGZ4CJ0FNtth8NMcVkS27A%3D%3D&trackingId=%2B0Qa9pZR%2F0XybvvEwOwgWQ%3D%3D
Data Scientist - Bellevue,RESULTICKS,"Bellevue, WA",https://www.linkedin.com/jobs/view/data-scientist-bellevue-at-resulticks-4167234790?position=38&pageNum=0&refId=SGZ4CJ0FNtth8NMcVkS27A%3D%3D&trackingId=cbFilkNZdKG%2BdlZc4%2FP99g%3D%3D
"ML Data Associate-II, Artificial General Intelligence",Amazon,"Boston, MA",https://www.linkedin.com/jobs/view/ml-data-associate-ii-artificial-general-intelligence-at-amazon-4128019547?position=39&pageNum=0&refId=SGZ4CJ0FNtth8NMcVkS27A%3D%3D&trackingId=ZzEhbSU3Jqub98VnIqLUFA%3D%3D
"Staff Data Analyst, Customer Success Strategy & Ops",HubSpot,"Cambridge, MA",https://www.linkedin.com/jobs/view/staff-data-analyst-customer-success-strategy-ops-at-hubspot-4172395108?position=40&pageNum=0&refId=SGZ4CJ0FNtth8NMcVkS27A%3D%3D&trackingId=NOfo13b1Zj6DzyIHeTRgeg%3D%3D
"ML Data Associate-II, Artificial General Intelligence",Amazon,"Boston, MA",https://www.linkedin.com/jobs/view/ml-data-associate-ii-artificial-general-intelligence-at-amazon-4119711027?position=41&pageNum=0&refId=SGZ4CJ0FNtth8NMcVkS27A%3D%3D&trackingId=QLOVigA5tNtd8taDjcZhCw%3D%3D
Specialist- Expert,"V-Soft Consulting Group, Inc.","Raleigh, NC",https://www.linkedin.com/jobs/view/specialist-expert-at-v-soft-consulting-group-inc-4181590456?position=42&pageNum=0&refId=SGZ4CJ0FNtth8NMcVkS27A%3D%3D&trackingId=Girkb2kDuGCYX73d4aaQDg%3D%3D
Advanced Data Engineer 100% Remote,"V-Soft Consulting Group, Inc.","Illinois, United States",https://www.linkedin.com/jobs/view/advanced-data-engineer-100%25-remote-at-v-soft-consulting-group-inc-4181230797?position=43&pageNum=0&refId=SGZ4CJ0FNtth8NMcVkS27A%3D%3D&trackingId=f60I2eLWnlYUwRWz2LicbQ%3D%3D
Senior BI Consultant,Quantzig,San Francisco Bay Area,https://www.linkedin.com/jobs/view/senior-bi-consultant-at-quantzig-4087717233?position=44&pageNum=0&refId=SGZ4CJ0FNtth8NMcVkS27A%3D%3D&trackingId=%2FRb57dw9Oxqe4OGP7I1EIQ%3D%3D
Senior BI Consultant,Quantzig,Greater Minneapolis-St. Paul Area,https://www.linkedin.com/jobs/view/senior-bi-consultant-at-quantzig-4087718226?position=45&pageNum=0&refId=SGZ4CJ0FNtth8NMcVkS27A%3D%3D&trackingId=MFFvrBAiuHMKYJ0ER14bxw%3D%3D
Enterprise Data Modeler,"V-Soft Consulting Group, Inc.","Richmond, VA",https://www.linkedin.com/jobs/view/enterprise-data-modeler-at-v-soft-consulting-group-inc-4130577828?position=46&pageNum=0&refId=SGZ4CJ0FNtth8NMcVkS27A%3D%3D&trackingId=aRzGEgZsHezzTrV9nDxtiQ%3D%3D
Fundamental Equities Alternative Data Analyst,The D. E. Shaw Group,"New York, NY",https://www.linkedin.com/jobs/view/fundamental-equities-alternative-data-analyst-at-the-d-e-shaw-group-4084834343?position=47&pageNum=0&refId=SGZ4CJ0FNtth8NMcVkS27A%3D%3D&trackingId=ZDoNBZ4hYhgpDPkxlz4xMQ%3D%3D
"Senior Analyst, Strategic Insights",Chegg Inc.,United States,https://www.linkedin.com/jobs/view/senior-analyst-strategic-insights-at-chegg-inc-4176383606?position=48&pageNum=0&refId=SGZ4CJ0FNtth8NMcVkS27A%3D%3D&trackingId=cTe0QLAYBjsfphgalkJ67g%3D%3D
Senior BI Consultant,Quantzig,"Austin, TX",https://www.linkedin.com/jobs/view/senior-bi-consultant-at-quantzig-4087713690?position=49&pageNum=0&refId=SGZ4CJ0FNtth8NMcVkS27A%3D%3D&trackingId=aShWVfFvc5I2O7RML%2FoTKg%3D%3D
"Director, Data Analysis",Zelis,"Texas, United States",https://www.linkedin.com/jobs/view/director-data-analysis-at-zelis-4182956874?position=50&pageNum=0&refId=SGZ4CJ0FNtth8NMcVkS27A%3D%3D&trackingId=R1FKUXe4WKXC5WloUcYraQ%3D%3D
"Senior Data Analyst | Research Operations | Hybrid or Remote, US",Savanta,United States,https://www.linkedin.com/jobs/view/senior-data-analyst-research-operations-hybrid-or-remote-us-at-savanta-4182114704?position=51&pageNum=0&refId=SGZ4CJ0FNtth8NMcVkS27A%3D%3D&trackingId=84zyDu87qPyIR0jtnqhbcQ%3D%3D
Data Scientist,MatchPoint,"Sunnyvale, CA",https://www.linkedin.com/jobs/view/data-scientist-at-matchpoint-4178073711?position=52&pageNum=0&refId=SGZ4CJ0FNtth8NMcVkS27A%3D%3D&trackingId=Jf8Plu68VV7VhGTqWrjTeA%3D%3D
Associate Developer,CEI,"Pittsburgh, PA",https://www.linkedin.com/jobs/view/associate-developer-at-cei-4179640707?position=53&pageNum=0&refId=SGZ4CJ0FNtth8NMcVkS27A%3D%3D&trackingId=qSliMawAqhnAypNLdHj6Tw%3D%3D
Data Quality Analyst,IntegriChain,Greater Philadelphia,https://www.linkedin.com/jobs/view/data-quality-analyst-at-integrichain-4158902101?position=54&pageNum=0&refId=SGZ4CJ0FNtth8NMcVkS27A%3D%3D&trackingId=s8BgPjB411H%2BfZVmfN2mQw%3D%3D
"Director, Data Analysis",Zelis,"Hillsborough County, FL",https://www.linkedin.com/jobs/view/director-data-analysis-at-zelis-4182963379?position=55&pageNum=0&refId=SGZ4CJ0FNtth8NMcVkS27A%3D%3D&trackingId=arllXcSjmwObndb43F2b5A%3D%3D
Data Modeler - Data Engineering (Healthcare),Exusia,United States,https://www.linkedin.com/jobs/view/data-modeler-data-engineering-healthcare-at-exusia-4143877822?position=56&pageNum=0&refId=SGZ4CJ0FNtth8NMcVkS27A%3D%3D&trackingId=TDUVQpCW4l1MwR4LsQ2JPQ%3D%3D
Data Engineer: Big Data,MNJ SOFTWARE,"Home, KS",https://www.linkedin.com/jobs/view/data-engineer-big-data-at-mnj-software-4148834197?position=57&pageNum=0&refId=SGZ4CJ0FNtth8NMcVkS27A%3D%3D&trackingId=ZvPpYxtttu8XPv3hKX1T4g%3D%3D
Senior Data Engineer,WaferWire Cloud Technologies,"Redmond, WA",https://www.linkedin.com/jobs/view/senior-data-engineer-at-waferwire-cloud-technologies-4180051317?position=58&pageNum=0&refId=SGZ4CJ0FNtth8NMcVkS27A%3D%3D&trackingId=%2ByqGPKZhQ1lRuMSeBfVxjg%3D%3D
Revenue Operations & Analytics Associate,Instawork,"Chicago, IL",https://www.linkedin.com/jobs/view/revenue-operations-analytics-associate-at-instawork-4127908835?position=59&pageNum=0&refId=SGZ4CJ0FNtth8NMcVkS27A%3D%3D&trackingId=CTaCdIF3qVixkgaGKkU4cQ%3D%3D
Head of Data Sciences & Analysis,Pfizer,"New York, NY",https://www.linkedin.com/jobs/view/head-of-data-sciences-analysis-at-pfizer-4182468111?position=60&pageNum=0&refId=SGZ4CJ0FNtth8NMcVkS27A%3D%3D&trackingId=vuiSCcqYk6sirce5uD1rew%3D%3D
Business Data Analyst,"V-Soft Consulting Group, Inc.","Richmond, VA",https://www.linkedin.com/jobs/view/business-data-analyst-at-v-soft-consulting-group-inc-4139907050?position=1&pageNum=0&refId=laiogQ19Ms01g2cQK3RBdg%3D%3D&trackingId=nwpCoQeyoUsqGWrqVIMLwQ%3D%3D
Data Analyst,STAND 8 Technology Consulting,"Long Beach, CA",https://www.linkedin.com/jobs/view/data-analyst-at-stand-8-technology-consulting-4183870994?position=2&pageNum=0&refId=laiogQ19Ms01g2cQK3RBdg%3D%3D&trackingId=kQtSlY1zEdAP29nFkI6eWw%3D%3D
Business Data Analyst - POSSIBLE SHORT TERM,"V-Soft Consulting Group, Inc.","Richmond, VA",https://www.linkedin.com/jobs/view/business-data-analyst-possible-short-term-at-v-soft-consulting-group-inc-4170318296?position=3&pageNum=0&refId=laiogQ19Ms01g2cQK3RBdg%3D%3D&trackingId=XGeAnt%2F90PNYWdXDv%2BKV5A%3D%3D
Sr. Reporting Analyst,Firstsource,United States,https://www.linkedin.com/jobs/view/sr-reporting-analyst-at-firstsource-4182647856?position=4&pageNum=0&refId=laiogQ19Ms01g2cQK3RBdg%3D%3D&trackingId=oysCIdp9VtohkmiioEARPA%3D%3D
Data Analyst,Radiant System,"Northeast Saint Louis, MN",https://www.linkedin.com/jobs/view/data-analyst-at-radiant-system-4174856799?position=5&pageNum=0&refId=laiogQ19Ms01g2cQK3RBdg%3D%3D&trackingId=4bUBBZA7H8rxV4CMrai9XA%3D%3D
Data Analyst,Radiant,"St. Louis County, MN",https://www.linkedin.com/jobs/view/data-analyst-at-radiant-4177905370?position=6&pageNum=0&refId=laiogQ19Ms01g2cQK3RBdg%3D%3D&trackingId=SLb8mZhCXrB1RhvQUtMYwg%3D%3D
Senior Data Analyst,R Systems,"Las Vegas, NV",https://www.linkedin.com/jobs/view/senior-data-analyst-at-r-systems-4159662520?position=7&pageNum=0&refId=laiogQ19Ms01g2cQK3RBdg%3D%3D&trackingId=cE9bPqx04mvbU21voQOlHQ%3D%3D
Data Analytics Intern,Four Hands,"Austin, TX",https://www.linkedin.com/jobs/view/data-analytics-intern-at-four-hands-4139380722?position=8&pageNum=0&refId=laiogQ19Ms01g2cQK3RBdg%3D%3D&trackingId=AbOXLXuwBn2NdQcpGuHDDQ%3D%3D
Data Governance Analyst,"V-Soft Consulting Group, Inc.","Atlanta, GA",https://www.linkedin.com/jobs/view/data-governance-analyst-at-v-soft-consulting-group-inc-4119109565?position=9&pageNum=0&refId=laiogQ19Ms01g2cQK3RBdg%3D%3D&trackingId=ZefuUNbKE1FYLTkZvGSR9Q%3D%3D
Data Analyst (Contract),Macmillan,"New York, NY",https://www.linkedin.com/jobs/view/data-analyst-contract-at-macmillan-4165791385?position=10&pageNum=0&refId=laiogQ19Ms01g2cQK3RBdg%3D%3D&trackingId=Tj17jQSK%2BdO6bHZt5%2B5n6w%3D%3D
Power BI/SQL Developer,"V-Soft Consulting Group, Inc.","Richmond, VA",https://www.linkedin.com/jobs/view/power-bi-sql-developer-at-v-soft-consulting-group-inc-4158877783?position=11&pageNum=0&refId=laiogQ19Ms01g2cQK3RBdg%3D%3D&trackingId=byOa%2FS9oeMfc3VDYpqjRgQ%3D%3D
Business Intelligence Platform Administrator,STAND 8 Technology Consulting,"New York, NY",https://www.linkedin.com/jobs/view/business-intelligence-platform-administrator-at-stand-8-technology-consulting-4178486146?position=12&pageNum=0&refId=laiogQ19Ms01g2cQK3RBdg%3D%3D&trackingId=%2F2icNq7TS83z5wsYjO1DJA%3D%3D
Sr. BI Developer,BETSOL,"Denver, CO",https://www.linkedin.com/jobs/view/sr-bi-developer-at-betsol-4180022484?position=13&pageNum=0&refId=laiogQ19Ms01g2cQK3RBdg%3D%3D&trackingId=ML7R6gP9N%2BMIC7XEMEYD0Q%3D%3D
HRIS Data Analyst,LRQA,"Elkhart County, IN",https://www.linkedin.com/jobs/view/hris-data-analyst-at-lrqa-4178433787?position=14&pageNum=0&refId=laiogQ19Ms01g2cQK3RBdg%3D%3D&trackingId=%2FZRO9OSsFnMSBqPDqatILw%3D%3D
Business Systems Analyst - Xactly,HubSpot,United States,https://www.linkedin.com/jobs/view/business-systems-analyst-xactly-at-hubspot-4156720506?position=15&pageNum=0&refId=laiogQ19Ms01g2cQK3RBdg%3D%3D&trackingId=1mDVX7CEM3A9eJR6B8ZRxQ%3D%3D
Power BI/Data Analyst,Jobs via Dice,"Houston, TX",https://www.linkedin.com/jobs/view/power-bi-data-analyst-at-jobs-via-dice-4183065940?position=16&pageNum=0&refId=laiogQ19Ms01g2cQK3RBdg%3D%3D&trackingId=0FD8zSptGY7MR0Cvj1LiAg%3D%3D
Database Engineer - Bellevue,RESULTICKS,"Bellevue, WA",https://www.linkedin.com/jobs/view/database-engineer-bellevue-at-resulticks-4167232908?position=17&pageNum=0&refId=laiogQ19Ms01g2cQK3RBdg%3D%3D&trackingId=SPwZ%2F4DZUiiJwNvFtVF44w%3D%3D
Data Analyst II,Verisk,"Denver, CO",https://www.linkedin.com/jobs/view/data-analyst-ii-at-verisk-4116603061?position=18&pageNum=0&refId=laiogQ19Ms01g2cQK3RBdg%3D%3D&trackingId=oQvCq5UX8UwfazONRwRfdA%3D%3D
SQL Server Developer,Persistent Systems,"New Jersey, United States",https://www.linkedin.com/jobs/view/sql-server-developer-at-persistent-systems-4165498005?position=19&pageNum=0&refId=laiogQ19Ms01g2cQK3RBdg%3D%3D&trackingId=3ucciuFfvYg%2F%2B%2F8f%2BuwilA%3D%3D
Data Operations Analyst,Everyday Health,"New York, NY",https://www.linkedin.com/jobs/view/data-operations-analyst-at-everyday-health-4160547137?position=20&pageNum=0&refId=laiogQ19Ms01g2cQK3RBdg%3D%3D&trackingId=j6MIFZTO5Qv8zimbYJUsYg%3D%3D
"Senior Manager, Data Science - PSM",LinkedIn,"Sunnyvale, CA",https://www.linkedin.com/jobs/view/senior-manager-data-science-psm-at-linkedin-4153093413?position=21&pageNum=0&refId=laiogQ19Ms01g2cQK3RBdg%3D%3D&trackingId=nrWHpTCi%2F5elosDZRNQ%2FkA%3D%3D
Consultant/ Sr. Consultant- Commercial Analytics,PharmaACE,"New Jersey, United States",https://www.linkedin.com/jobs/view/consultant-sr-consultant-commercial-analytics-at-pharmaace-4173747697?position=22&pageNum=0&refId=laiogQ19Ms01g2cQK3RBdg%3D%3D&trackingId=44xJO9euYG4bjV8TldoOfg%3D%3D
Data Integration Analyst I,Vertafore,"Denver, CO",https://www.linkedin.com/jobs/view/data-integration-analyst-i-at-vertafore-4161141451?position=23&pageNum=0&refId=laiogQ19Ms01g2cQK3RBdg%3D%3D&trackingId=f3Yegv1DD%2FxJ1Yk1nxemDw%3D%3D
Senior Data Analyst,Timewise Food Stores,"Houston, TX",https://www.linkedin.com/jobs/view/senior-data-analyst-at-timewise-food-stores-4181857330?position=24&pageNum=0&refId=laiogQ19Ms01g2cQK3RBdg%3D%3D&trackingId=zpbdaGsUFEdtfTw%2FYvv4Kg%3D%3D
"Staff Data Analyst, Customer Success Strategy & Ops",The Hustle,"Cambridge, MA",https://www.linkedin.com/jobs/view/staff-data-analyst-customer-success-strategy-ops-at-the-hustle-4172518190?position=25&pageNum=0&refId=laiogQ19Ms01g2cQK3RBdg%3D%3D&trackingId=ZAnglooRzHQFCtGz%2FVE9TA%3D%3D
Senior Data Analyst,eClerx,"Austin, TX",https://www.linkedin.com/jobs/view/senior-data-analyst-at-eclerx-4143849595?position=26&pageNum=0&refId=laiogQ19Ms01g2cQK3RBdg%3D%3D&trackingId=bD6PQ75KMxv8%2B%2Be4yqLvSA%3D%3D
Data Acquisition Specialist,Socure,United States,https://www.linkedin.com/jobs/view/data-acquisition-specialist-at-socure-4147649568?position=27&pageNum=0&refId=laiogQ19Ms01g2cQK3RBdg%3D%3D&trackingId=ujZFyYjGPRRzoyuWquswMg%3D%3D
Data Analyst - Dealer Sales,JCB North America,"Pooler, GA",https://www.linkedin.com/jobs/view/data-analyst-dealer-sales-at-jcb-north-america-4133482266?position=28&pageNum=0&refId=laiogQ19Ms01g2cQK3RBdg%3D%3D&trackingId=7d%2FVjApRBjI%2BFQfKvdWxyw%3D%3D
Database Engineer,Persistent Systems,"Ada, MI",https://www.linkedin.com/jobs/view/database-engineer-at-persistent-systems-4159023109?position=29&pageNum=0&refId=laiogQ19Ms01g2cQK3RBdg%3D%3D&trackingId=nP%2BKF8Dv9kGZKzUPNBh3Ig%3D%3D
Database Engineer,"V-Soft Consulting Group, Inc.","Parsippany, NJ",https://www.linkedin.com/jobs/view/database-engineer-at-v-soft-consulting-group-inc-4144906229?position=30&pageNum=0&refId=laiogQ19Ms01g2cQK3RBdg%3D%3D&trackingId=S3o5G6A4sCXdKc62C9EmRQ%3D%3D
Jr BA/Coordinator,STAND 8 Technology Consulting,"New York, NY",https://www.linkedin.com/jobs/view/jr-ba-coordinator-at-stand-8-technology-consulting-4158904451?position=31&pageNum=0&refId=laiogQ19Ms01g2cQK3RBdg%3D%3D&trackingId=GBBqmIPQJ8%2BM%2BvHNEz9nRw%3D%3D
Sr. Data Warehouse Engineer,BETSOL,"Denver, CO",https://www.linkedin.com/jobs/view/sr-data-warehouse-engineer-at-betsol-4179400985?position=32&pageNum=0&refId=laiogQ19Ms01g2cQK3RBdg%3D%3D&trackingId=rC79dwV9jrms8rigk%2BtHBQ%3D%3D
Business Intelligence Analyst,Verisk,"Lehi, UT",https://www.linkedin.com/jobs/view/business-intelligence-analyst-at-verisk-4161851624?position=33&pageNum=0&refId=laiogQ19Ms01g2cQK3RBdg%3D%3D&trackingId=HrKPsFsaLAfhGj1vBKolYw%3D%3D
Business Intelligence Analyst,Verisk,"Lehi, UT",https://www.linkedin.com/jobs/view/business-intelligence-analyst-at-verisk-4161858036?position=34&pageNum=0&refId=laiogQ19Ms01g2cQK3RBdg%3D%3D&trackingId=%2BoDlTWuyUFSGcMFj%2BbDXJg%3D%3D
Data and AI Engineer - Summer 2025 Intern,Sanofi,"Cambridge, MA",https://www.linkedin.com/jobs/view/data-and-ai-engineer-summer-2025-intern-at-sanofi-4176883003?position=35&pageNum=0&refId=laiogQ19Ms01g2cQK3RBdg%3D%3D&trackingId=rHlHX8g%2BPLZLah58DO1PTQ%3D%3D
Data Scientist - Bellevue,RESULTICKS,"Bellevue, WA",https://www.linkedin.com/jobs/view/data-scientist-bellevue-at-resulticks-4167234790?position=36&pageNum=0&refId=laiogQ19Ms01g2cQK3RBdg%3D%3D&trackingId=YWocABtVmOp5tCMpfMjNXQ%3D%3D
"Staff Data Analyst, Customer Success Strategy & Ops",HubSpot,"Cambridge, MA",https://www.linkedin.com/jobs/view/staff-data-analyst-customer-success-strategy-ops-at-hubspot-4172395108?position=37&pageNum=0&refId=laiogQ19Ms01g2cQK3RBdg%3D%3D&trackingId=DT%2B7pf%2B7GIC2jzdEpMeMdw%3D%3D
"ML Data Associate-II, Artificial General Intelligence",Amazon,"Boston, MA",https://www.linkedin.com/jobs/view/ml-data-associate-ii-artificial-general-intelligence-at-amazon-4128019547?position=38&pageNum=0&refId=laiogQ19Ms01g2cQK3RBdg%3D%3D&trackingId=FgOse9E%2FxHOYYkMmYutuSw%3D%3D
"ML Data Associate-II, Artificial General Intelligence",Amazon,"Boston, MA",https://www.linkedin.com/jobs/view/ml-data-associate-ii-artificial-general-intelligence-at-amazon-4119711027?position=39&pageNum=0&refId=laiogQ19Ms01g2cQK3RBdg%3D%3D&trackingId=8N4pxX1hbQIJzASMFZfgag%3D%3D
Specialist- Expert,"V-Soft Consulting Group, Inc.","Raleigh, NC",https://www.linkedin.com/jobs/view/specialist-expert-at-v-soft-consulting-group-inc-4181590456?position=40&pageNum=0&refId=laiogQ19Ms01g2cQK3RBdg%3D%3D&trackingId=hGeXQ13Y%2ByaYZoJs0LONjg%3D%3D
Advanced Data Engineer 100% Remote,"V-Soft Consulting Group, Inc.","Illinois, United States",https://www.linkedin.com/jobs/view/advanced-data-engineer-100%25-remote-at-v-soft-consulting-group-inc-4181230797?position=41&pageNum=0&refId=laiogQ19Ms01g2cQK3RBdg%3D%3D&trackingId=7WS2g4hnEVLSiGAJjgxg5w%3D%3D
Senior BI Consultant,Quantzig,San Francisco Bay Area,https://www.linkedin.com/jobs/view/senior-bi-consultant-at-quantzig-4087717233?position=42&pageNum=0&refId=laiogQ19Ms01g2cQK3RBdg%3D%3D&trackingId=8H1y2Nr9Pl3%2FPhcbHBulaw%3D%3D
Senior BI Consultant,Quantzig,Greater Minneapolis-St. Paul Area,https://www.linkedin.com/jobs/view/senior-bi-consultant-at-quantzig-4087718226?position=43&pageNum=0&refId=laiogQ19Ms01g2cQK3RBdg%3D%3D&trackingId=DhVNK%2FPKmwRJrb78YlG1ag%3D%3D
Enterprise Data Modeler,"V-Soft Consulting Group, Inc.","Richmond, VA",https://www.linkedin.com/jobs/view/enterprise-data-modeler-at-v-soft-consulting-group-inc-4130577828?position=44&pageNum=0&refId=laiogQ19Ms01g2cQK3RBdg%3D%3D&trackingId=k6J34P4W8Y3M%2BhY%2BsJbhAQ%3D%3D
Fundamental Equities Alternative Data Analyst,The D. E. Shaw Group,"New York, NY",https://www.linkedin.com/jobs/view/fundamental-equities-alternative-data-analyst-at-the-d-e-shaw-group-4084834343?position=45&pageNum=0&refId=laiogQ19Ms01g2cQK3RBdg%3D%3D&trackingId=IVDcuMaQTmd8v8ryLIGo9w%3D%3D
"Senior Analyst, Strategic Insights",Chegg Inc.,United States,https://www.linkedin.com/jobs/view/senior-analyst-strategic-insights-at-chegg-inc-4176383606?position=46&pageNum=0&refId=laiogQ19Ms01g2cQK3RBdg%3D%3D&trackingId=FhDFsDK6mzVWOxC%2BVQUBmQ%3D%3D
Senior BI Consultant,Quantzig,"Austin, TX",https://www.linkedin.com/jobs/view/senior-bi-consultant-at-quantzig-4087713690?position=47&pageNum=0&refId=laiogQ19Ms01g2cQK3RBdg%3D%3D&trackingId=LN1Y4US8Ofj7bvSM4uKsmw%3D%3D
"Director, Data Analysis",Zelis,"Texas, United States",https://www.linkedin.com/jobs/view/director-data-analysis-at-zelis-4182956874?position=48&pageNum=0&refId=laiogQ19Ms01g2cQK3RBdg%3D%3D&trackingId=yr62UIPTMh8DQ4vee6R82g%3D%3D
"Senior Data Analyst | Research Operations | Hybrid or Remote, US",Savanta,United States,https://www.linkedin.com/jobs/view/senior-data-analyst-research-operations-hybrid-or-remote-us-at-savanta-4182114704?position=49&pageNum=0&refId=laiogQ19Ms01g2cQK3RBdg%3D%3D&trackingId=vgrDAla2ggQVZEXvbo%2FWBw%3D%3D
Data Scientist,MatchPoint,"Sunnyvale, CA",https://www.linkedin.com/jobs/view/data-scientist-at-matchpoint-4178073711?position=50&pageNum=0&refId=laiogQ19Ms01g2cQK3RBdg%3D%3D&trackingId=jUGhCkLasLHiiANzIFru%2FA%3D%3D
Data Quality Analyst,IntegriChain,Greater Philadelphia,https://www.linkedin.com/jobs/view/data-quality-analyst-at-integrichain-4158902101?position=51&pageNum=0&refId=laiogQ19Ms01g2cQK3RBdg%3D%3D&trackingId=3cab3kSS1eIppUJwlGzZPw%3D%3D
"Director, Data Analysis",Zelis,"Hillsborough County, FL",https://www.linkedin.com/jobs/view/director-data-analysis-at-zelis-4182963379?position=52&pageNum=0&refId=laiogQ19Ms01g2cQK3RBdg%3D%3D&trackingId=C0UhPnM5r9CopXpXYCJ%2BhQ%3D%3D
Data Modeler - Data Engineering (Healthcare),Exusia,United States,https://www.linkedin.com/jobs/view/data-modeler-data-engineering-healthcare-at-exusia-4143877822?position=53&pageNum=0&refId=laiogQ19Ms01g2cQK3RBdg%3D%3D&trackingId=kRtAVFfZmFtHnWx%2BPXIl9g%3D%3D
Senior Data Engineer,WaferWire Cloud Technologies,"Redmond, WA",https://www.linkedin.com/jobs/view/senior-data-engineer-at-waferwire-cloud-technologies-4180051317?position=54&pageNum=0&refId=laiogQ19Ms01g2cQK3RBdg%3D%3D&trackingId=lQX3RuG9vWpWbADWendD8g%3D%3D
Head of Data Sciences & Analysis,Pfizer,"New York, NY",https://www.linkedin.com/jobs/view/head-of-data-sciences-analysis-at-pfizer-4182468111?position=55&pageNum=0&refId=laiogQ19Ms01g2cQK3RBdg%3D%3D&trackingId=AnAaRdqiITWYSwNcsUWgtw%3D%3D
Revenue Operations & Analytics Associate,Instawork,"Chicago, IL",https://www.linkedin.com/jobs/view/revenue-operations-analytics-associate-at-instawork-4127908835?position=56&pageNum=0&refId=laiogQ19Ms01g2cQK3RBdg%3D%3D&trackingId=pJsIE8%2F2OqHJwX9TTVRtZQ%3D%3D
"Director, Data Analysis",Zelis,"Fulton County, GA",https://www.linkedin.com/jobs/view/director-data-analysis-at-zelis-4182957865?position=57&pageNum=0&refId=laiogQ19Ms01g2cQK3RBdg%3D%3D&trackingId=noIBlTVCkMXNnZct1EU3VQ%3D%3D
Business Intelligence Analyst 3,Jobs via Dice,"Redmond, WA",https://www.linkedin.com/jobs/view/business-intelligence-analyst-3-at-jobs-via-dice-4180591925?position=58&pageNum=0&refId=laiogQ19Ms01g2cQK3RBdg%3D%3D&trackingId=SOsNmlStwP2%2BrTdD7le82A%3D%3D
Senior BI Developer,Chegg Inc.,"Santa Clara, CA",https://www.linkedin.com/jobs/view/senior-bi-developer-at-chegg-inc-4179694800?position=59&pageNum=0&refId=laiogQ19Ms01g2cQK3RBdg%3D%3D&trackingId=pSs412PuvYBZZMA3o7%2FvEw%3D%3D
"Director, Data Analysis",Zelis,"Middlesex County, MA",https://www.linkedin.com/jobs/view/director-data-analysis-at-zelis-4182958782?position=60&pageNum=0&refId=laiogQ19Ms01g2cQK3RBdg%3D%3D&trackingId=%2B2t9eg3tyjWRE2ORiMQJag%3D%3D
